--
-- PostgreSQL database cluster dump
--

SET default_transaction_read_only = off;

SET client_encoding = 'UTF8';
SET standard_conforming_strings = on;

--
-- Roles
--

CREATE ROLE anon;
ALTER ROLE anon WITH NOSUPERUSER INHERIT NOCREATEROLE NOCREATEDB NOLOGIN NOREPLICATION NOBYPASSRLS;
CREATE ROLE authenticated;
ALTER ROLE authenticated WITH NOSUPERUSER INHERIT NOCREATEROLE NOCREATEDB NOLOGIN NOREPLICATION NOBYPASSRLS;
CREATE ROLE authenticator;
ALTER ROLE authenticator WITH NOSUPERUSER NOINHERIT NOCREATEROLE NOCREATEDB LOGIN NOREPLICATION NOBYPASSRLS;
CREATE ROLE dashboard_user;
ALTER ROLE dashboard_user WITH NOSUPERUSER INHERIT CREATEROLE CREATEDB NOLOGIN REPLICATION NOBYPASSRLS;
CREATE ROLE pgbouncer;
ALTER ROLE pgbouncer WITH NOSUPERUSER INHERIT NOCREATEROLE NOCREATEDB LOGIN NOREPLICATION NOBYPASSRLS;
CREATE ROLE pgsodium_keyholder;
ALTER ROLE pgsodium_keyholder WITH NOSUPERUSER INHERIT NOCREATEROLE NOCREATEDB NOLOGIN NOREPLICATION NOBYPASSRLS;
CREATE ROLE pgsodium_keyiduser;
ALTER ROLE pgsodium_keyiduser WITH NOSUPERUSER INHERIT NOCREATEROLE NOCREATEDB NOLOGIN NOREPLICATION NOBYPASSRLS;
CREATE ROLE pgsodium_keymaker;
ALTER ROLE pgsodium_keymaker WITH NOSUPERUSER INHERIT NOCREATEROLE NOCREATEDB NOLOGIN NOREPLICATION NOBYPASSRLS;
CREATE ROLE postgres;
ALTER ROLE postgres WITH NOSUPERUSER INHERIT CREATEROLE CREATEDB LOGIN REPLICATION BYPASSRLS;
CREATE ROLE service_role;
ALTER ROLE service_role WITH NOSUPERUSER INHERIT NOCREATEROLE NOCREATEDB NOLOGIN NOREPLICATION BYPASSRLS;
CREATE ROLE supabase_admin;
ALTER ROLE supabase_admin WITH SUPERUSER INHERIT CREATEROLE CREATEDB LOGIN REPLICATION BYPASSRLS;
CREATE ROLE supabase_auth_admin;
ALTER ROLE supabase_auth_admin WITH NOSUPERUSER NOINHERIT CREATEROLE NOCREATEDB LOGIN NOREPLICATION NOBYPASSRLS;
CREATE ROLE supabase_read_only_user;
ALTER ROLE supabase_read_only_user WITH NOSUPERUSER INHERIT NOCREATEROLE NOCREATEDB LOGIN NOREPLICATION BYPASSRLS;
CREATE ROLE supabase_realtime_admin;
ALTER ROLE supabase_realtime_admin WITH NOSUPERUSER NOINHERIT NOCREATEROLE NOCREATEDB NOLOGIN NOREPLICATION NOBYPASSRLS;
CREATE ROLE supabase_replication_admin;
ALTER ROLE supabase_replication_admin WITH NOSUPERUSER INHERIT NOCREATEROLE NOCREATEDB LOGIN REPLICATION NOBYPASSRLS;
CREATE ROLE supabase_storage_admin;
ALTER ROLE supabase_storage_admin WITH NOSUPERUSER NOINHERIT CREATEROLE NOCREATEDB LOGIN NOREPLICATION NOBYPASSRLS;

--
-- User Configurations
--

--
-- User Config "anon"
--

ALTER ROLE anon SET statement_timeout TO '3s';

--
-- User Config "authenticated"
--

ALTER ROLE authenticated SET statement_timeout TO '8s';

--
-- User Config "authenticator"
--

ALTER ROLE authenticator SET session_preload_libraries TO 'safeupdate';
ALTER ROLE authenticator SET statement_timeout TO '8s';
ALTER ROLE authenticator SET lock_timeout TO '8s';

--
-- User Config "postgres"
--

ALTER ROLE postgres SET search_path TO E'\\$user', 'public', 'extensions';

--
-- User Config "supabase_admin"
--

ALTER ROLE supabase_admin SET search_path TO '$user', 'public', 'auth', 'extensions';
ALTER ROLE supabase_admin SET log_statement TO 'none';

--
-- User Config "supabase_auth_admin"
--

ALTER ROLE supabase_auth_admin SET search_path TO 'auth';
ALTER ROLE supabase_auth_admin SET idle_in_transaction_session_timeout TO '60000';
ALTER ROLE supabase_auth_admin SET log_statement TO 'none';

--
-- User Config "supabase_storage_admin"
--

ALTER ROLE supabase_storage_admin SET search_path TO 'storage';
ALTER ROLE supabase_storage_admin SET log_statement TO 'none';


--
-- Role memberships
--

GRANT anon TO authenticator GRANTED BY postgres;
GRANT anon TO postgres GRANTED BY supabase_admin;
GRANT authenticated TO authenticator GRANTED BY postgres;
GRANT authenticated TO postgres GRANTED BY supabase_admin;
GRANT authenticator TO supabase_storage_admin GRANTED BY supabase_admin;
GRANT pg_monitor TO postgres GRANTED BY supabase_admin;
GRANT pg_read_all_data TO postgres GRANTED BY supabase_admin;
GRANT pg_read_all_data TO supabase_read_only_user GRANTED BY postgres;
GRANT pg_signal_backend TO postgres GRANTED BY supabase_admin;
GRANT pgsodium_keyholder TO pgsodium_keymaker GRANTED BY supabase_admin;
GRANT pgsodium_keyholder TO postgres WITH ADMIN OPTION GRANTED BY supabase_admin;
GRANT pgsodium_keyholder TO service_role GRANTED BY supabase_admin;
GRANT pgsodium_keyiduser TO pgsodium_keyholder GRANTED BY supabase_admin;
GRANT pgsodium_keyiduser TO pgsodium_keymaker GRANTED BY supabase_admin;
GRANT pgsodium_keyiduser TO postgres WITH ADMIN OPTION GRANTED BY supabase_admin;
GRANT pgsodium_keymaker TO postgres WITH ADMIN OPTION GRANTED BY supabase_admin;
GRANT service_role TO authenticator GRANTED BY postgres;
GRANT service_role TO postgres GRANTED BY supabase_admin;
GRANT supabase_auth_admin TO postgres GRANTED BY supabase_admin;
GRANT supabase_realtime_admin TO postgres GRANTED BY supabase_admin;
GRANT supabase_storage_admin TO postgres GRANTED BY supabase_admin;






--
-- Databases
--

--
-- Database "template1" dump
--

\connect template1

--
-- PostgreSQL database dump
--

-- Dumped from database version 15.8
-- Dumped by pg_dump version 15.12 (Debian 15.12-1.pgdg120+1)

SET statement_timeout = 0;
SET lock_timeout = 0;
SET idle_in_transaction_session_timeout = 0;
SET client_encoding = 'UTF8';
SET standard_conforming_strings = on;
SELECT pg_catalog.set_config('search_path', '', false);
SET check_function_bodies = false;
SET xmloption = content;
SET client_min_messages = warning;
SET row_security = off;

--
-- PostgreSQL database dump complete
--

--
-- Database "postgres" dump
--

\connect postgres

--
-- PostgreSQL database dump
--

-- Dumped from database version 15.8
-- Dumped by pg_dump version 15.12 (Debian 15.12-1.pgdg120+1)

SET statement_timeout = 0;
SET lock_timeout = 0;
SET idle_in_transaction_session_timeout = 0;
SET client_encoding = 'UTF8';
SET standard_conforming_strings = on;
SELECT pg_catalog.set_config('search_path', '', false);
SET check_function_bodies = false;
SET xmloption = content;
SET client_min_messages = warning;
SET row_security = off;

--
-- Name: auth; Type: SCHEMA; Schema: -; Owner: supabase_admin
--

CREATE SCHEMA auth;


ALTER SCHEMA auth OWNER TO supabase_admin;

--
-- Name: extensions; Type: SCHEMA; Schema: -; Owner: postgres
--

CREATE SCHEMA extensions;


ALTER SCHEMA extensions OWNER TO postgres;

--
-- Name: graphql; Type: SCHEMA; Schema: -; Owner: supabase_admin
--

CREATE SCHEMA graphql;


ALTER SCHEMA graphql OWNER TO supabase_admin;

--
-- Name: graphql_public; Type: SCHEMA; Schema: -; Owner: supabase_admin
--

CREATE SCHEMA graphql_public;


ALTER SCHEMA graphql_public OWNER TO supabase_admin;

--
-- Name: pgbouncer; Type: SCHEMA; Schema: -; Owner: pgbouncer
--

CREATE SCHEMA pgbouncer;


ALTER SCHEMA pgbouncer OWNER TO pgbouncer;

--
-- Name: pgsodium; Type: SCHEMA; Schema: -; Owner: supabase_admin
--

CREATE SCHEMA pgsodium;


ALTER SCHEMA pgsodium OWNER TO supabase_admin;

--
-- Name: pgsodium; Type: EXTENSION; Schema: -; Owner: -
--

CREATE EXTENSION IF NOT EXISTS pgsodium WITH SCHEMA pgsodium;


--
-- Name: EXTENSION pgsodium; Type: COMMENT; Schema: -; Owner: 
--

COMMENT ON EXTENSION pgsodium IS 'Pgsodium is a modern cryptography library for Postgres.';


--
-- Name: realtime; Type: SCHEMA; Schema: -; Owner: supabase_admin
--

CREATE SCHEMA realtime;


ALTER SCHEMA realtime OWNER TO supabase_admin;

--
-- Name: storage; Type: SCHEMA; Schema: -; Owner: supabase_admin
--

CREATE SCHEMA storage;


ALTER SCHEMA storage OWNER TO supabase_admin;

--
-- Name: vault; Type: SCHEMA; Schema: -; Owner: supabase_admin
--

CREATE SCHEMA vault;


ALTER SCHEMA vault OWNER TO supabase_admin;

--
-- Name: pg_graphql; Type: EXTENSION; Schema: -; Owner: -
--

CREATE EXTENSION IF NOT EXISTS pg_graphql WITH SCHEMA graphql;


--
-- Name: EXTENSION pg_graphql; Type: COMMENT; Schema: -; Owner: 
--

COMMENT ON EXTENSION pg_graphql IS 'pg_graphql: GraphQL support';


--
-- Name: pg_stat_statements; Type: EXTENSION; Schema: -; Owner: -
--

CREATE EXTENSION IF NOT EXISTS pg_stat_statements WITH SCHEMA extensions;


--
-- Name: EXTENSION pg_stat_statements; Type: COMMENT; Schema: -; Owner: 
--

COMMENT ON EXTENSION pg_stat_statements IS 'track planning and execution statistics of all SQL statements executed';


--
-- Name: pgcrypto; Type: EXTENSION; Schema: -; Owner: -
--

CREATE EXTENSION IF NOT EXISTS pgcrypto WITH SCHEMA extensions;


--
-- Name: EXTENSION pgcrypto; Type: COMMENT; Schema: -; Owner: 
--

COMMENT ON EXTENSION pgcrypto IS 'cryptographic functions';


--
-- Name: pgjwt; Type: EXTENSION; Schema: -; Owner: -
--

CREATE EXTENSION IF NOT EXISTS pgjwt WITH SCHEMA extensions;


--
-- Name: EXTENSION pgjwt; Type: COMMENT; Schema: -; Owner: 
--

COMMENT ON EXTENSION pgjwt IS 'JSON Web Token API for Postgresql';


--
-- Name: supabase_vault; Type: EXTENSION; Schema: -; Owner: -
--

CREATE EXTENSION IF NOT EXISTS supabase_vault WITH SCHEMA vault;


--
-- Name: EXTENSION supabase_vault; Type: COMMENT; Schema: -; Owner: 
--

COMMENT ON EXTENSION supabase_vault IS 'Supabase Vault Extension';


--
-- Name: uuid-ossp; Type: EXTENSION; Schema: -; Owner: -
--

CREATE EXTENSION IF NOT EXISTS "uuid-ossp" WITH SCHEMA extensions;


--
-- Name: EXTENSION "uuid-ossp"; Type: COMMENT; Schema: -; Owner: 
--

COMMENT ON EXTENSION "uuid-ossp" IS 'generate universally unique identifiers (UUIDs)';


--
-- Name: aal_level; Type: TYPE; Schema: auth; Owner: supabase_auth_admin
--

CREATE TYPE auth.aal_level AS ENUM (
    'aal1',
    'aal2',
    'aal3'
);


ALTER TYPE auth.aal_level OWNER TO supabase_auth_admin;

--
-- Name: code_challenge_method; Type: TYPE; Schema: auth; Owner: supabase_auth_admin
--

CREATE TYPE auth.code_challenge_method AS ENUM (
    's256',
    'plain'
);


ALTER TYPE auth.code_challenge_method OWNER TO supabase_auth_admin;

--
-- Name: factor_status; Type: TYPE; Schema: auth; Owner: supabase_auth_admin
--

CREATE TYPE auth.factor_status AS ENUM (
    'unverified',
    'verified'
);


ALTER TYPE auth.factor_status OWNER TO supabase_auth_admin;

--
-- Name: factor_type; Type: TYPE; Schema: auth; Owner: supabase_auth_admin
--

CREATE TYPE auth.factor_type AS ENUM (
    'totp',
    'webauthn',
    'phone'
);


ALTER TYPE auth.factor_type OWNER TO supabase_auth_admin;

--
-- Name: one_time_token_type; Type: TYPE; Schema: auth; Owner: supabase_auth_admin
--

CREATE TYPE auth.one_time_token_type AS ENUM (
    'confirmation_token',
    'reauthentication_token',
    'recovery_token',
    'email_change_token_new',
    'email_change_token_current',
    'phone_change_token'
);


ALTER TYPE auth.one_time_token_type OWNER TO supabase_auth_admin;

--
-- Name: action; Type: TYPE; Schema: realtime; Owner: supabase_admin
--

CREATE TYPE realtime.action AS ENUM (
    'INSERT',
    'UPDATE',
    'DELETE',
    'TRUNCATE',
    'ERROR'
);


ALTER TYPE realtime.action OWNER TO supabase_admin;

--
-- Name: equality_op; Type: TYPE; Schema: realtime; Owner: supabase_admin
--

CREATE TYPE realtime.equality_op AS ENUM (
    'eq',
    'neq',
    'lt',
    'lte',
    'gt',
    'gte',
    'in'
);


ALTER TYPE realtime.equality_op OWNER TO supabase_admin;

--
-- Name: user_defined_filter; Type: TYPE; Schema: realtime; Owner: supabase_admin
--

CREATE TYPE realtime.user_defined_filter AS (
	column_name text,
	op realtime.equality_op,
	value text
);


ALTER TYPE realtime.user_defined_filter OWNER TO supabase_admin;

--
-- Name: wal_column; Type: TYPE; Schema: realtime; Owner: supabase_admin
--

CREATE TYPE realtime.wal_column AS (
	name text,
	type_name text,
	type_oid oid,
	value jsonb,
	is_pkey boolean,
	is_selectable boolean
);


ALTER TYPE realtime.wal_column OWNER TO supabase_admin;

--
-- Name: wal_rls; Type: TYPE; Schema: realtime; Owner: supabase_admin
--

CREATE TYPE realtime.wal_rls AS (
	wal jsonb,
	is_rls_enabled boolean,
	subscription_ids uuid[],
	errors text[]
);


ALTER TYPE realtime.wal_rls OWNER TO supabase_admin;

--
-- Name: email(); Type: FUNCTION; Schema: auth; Owner: supabase_auth_admin
--

CREATE FUNCTION auth.email() RETURNS text
    LANGUAGE sql STABLE
    AS $$
  select 
  coalesce(
    nullif(current_setting('request.jwt.claim.email', true), ''),
    (nullif(current_setting('request.jwt.claims', true), '')::jsonb ->> 'email')
  )::text
$$;


ALTER FUNCTION auth.email() OWNER TO supabase_auth_admin;

--
-- Name: FUNCTION email(); Type: COMMENT; Schema: auth; Owner: supabase_auth_admin
--

COMMENT ON FUNCTION auth.email() IS 'Deprecated. Use auth.jwt() -> ''email'' instead.';


--
-- Name: jwt(); Type: FUNCTION; Schema: auth; Owner: supabase_auth_admin
--

CREATE FUNCTION auth.jwt() RETURNS jsonb
    LANGUAGE sql STABLE
    AS $$
  select 
    coalesce(
        nullif(current_setting('request.jwt.claim', true), ''),
        nullif(current_setting('request.jwt.claims', true), '')
    )::jsonb
$$;


ALTER FUNCTION auth.jwt() OWNER TO supabase_auth_admin;

--
-- Name: role(); Type: FUNCTION; Schema: auth; Owner: supabase_auth_admin
--

CREATE FUNCTION auth.role() RETURNS text
    LANGUAGE sql STABLE
    AS $$
  select 
  coalesce(
    nullif(current_setting('request.jwt.claim.role', true), ''),
    (nullif(current_setting('request.jwt.claims', true), '')::jsonb ->> 'role')
  )::text
$$;


ALTER FUNCTION auth.role() OWNER TO supabase_auth_admin;

--
-- Name: FUNCTION role(); Type: COMMENT; Schema: auth; Owner: supabase_auth_admin
--

COMMENT ON FUNCTION auth.role() IS 'Deprecated. Use auth.jwt() -> ''role'' instead.';


--
-- Name: uid(); Type: FUNCTION; Schema: auth; Owner: supabase_auth_admin
--

CREATE FUNCTION auth.uid() RETURNS uuid
    LANGUAGE sql STABLE
    AS $$
  select 
  coalesce(
    nullif(current_setting('request.jwt.claim.sub', true), ''),
    (nullif(current_setting('request.jwt.claims', true), '')::jsonb ->> 'sub')
  )::uuid
$$;


ALTER FUNCTION auth.uid() OWNER TO supabase_auth_admin;

--
-- Name: FUNCTION uid(); Type: COMMENT; Schema: auth; Owner: supabase_auth_admin
--

COMMENT ON FUNCTION auth.uid() IS 'Deprecated. Use auth.jwt() -> ''sub'' instead.';


--
-- Name: grant_pg_cron_access(); Type: FUNCTION; Schema: extensions; Owner: postgres
--

CREATE FUNCTION extensions.grant_pg_cron_access() RETURNS event_trigger
    LANGUAGE plpgsql
    AS $$
BEGIN
  IF EXISTS (
    SELECT
    FROM pg_event_trigger_ddl_commands() AS ev
    JOIN pg_extension AS ext
    ON ev.objid = ext.oid
    WHERE ext.extname = 'pg_cron'
  )
  THEN
    grant usage on schema cron to postgres with grant option;

    alter default privileges in schema cron grant all on tables to postgres with grant option;
    alter default privileges in schema cron grant all on functions to postgres with grant option;
    alter default privileges in schema cron grant all on sequences to postgres with grant option;

    alter default privileges for user supabase_admin in schema cron grant all
        on sequences to postgres with grant option;
    alter default privileges for user supabase_admin in schema cron grant all
        on tables to postgres with grant option;
    alter default privileges for user supabase_admin in schema cron grant all
        on functions to postgres with grant option;

    grant all privileges on all tables in schema cron to postgres with grant option;
    revoke all on table cron.job from postgres;
    grant select on table cron.job to postgres with grant option;
  END IF;
END;
$$;


ALTER FUNCTION extensions.grant_pg_cron_access() OWNER TO postgres;

--
-- Name: FUNCTION grant_pg_cron_access(); Type: COMMENT; Schema: extensions; Owner: postgres
--

COMMENT ON FUNCTION extensions.grant_pg_cron_access() IS 'Grants access to pg_cron';


--
-- Name: grant_pg_graphql_access(); Type: FUNCTION; Schema: extensions; Owner: supabase_admin
--

CREATE FUNCTION extensions.grant_pg_graphql_access() RETURNS event_trigger
    LANGUAGE plpgsql
    AS $_$
DECLARE
    func_is_graphql_resolve bool;
BEGIN
    func_is_graphql_resolve = (
        SELECT n.proname = 'resolve'
        FROM pg_event_trigger_ddl_commands() AS ev
        LEFT JOIN pg_catalog.pg_proc AS n
        ON ev.objid = n.oid
    );

    IF func_is_graphql_resolve
    THEN
        -- Update public wrapper to pass all arguments through to the pg_graphql resolve func
        DROP FUNCTION IF EXISTS graphql_public.graphql;
        create or replace function graphql_public.graphql(
            "operationName" text default null,
            query text default null,
            variables jsonb default null,
            extensions jsonb default null
        )
            returns jsonb
            language sql
        as $$
            select graphql.resolve(
                query := query,
                variables := coalesce(variables, '{}'),
                "operationName" := "operationName",
                extensions := extensions
            );
        $$;

        -- This hook executes when `graphql.resolve` is created. That is not necessarily the last
        -- function in the extension so we need to grant permissions on existing entities AND
        -- update default permissions to any others that are created after `graphql.resolve`
        grant usage on schema graphql to postgres, anon, authenticated, service_role;
        grant select on all tables in schema graphql to postgres, anon, authenticated, service_role;
        grant execute on all functions in schema graphql to postgres, anon, authenticated, service_role;
        grant all on all sequences in schema graphql to postgres, anon, authenticated, service_role;
        alter default privileges in schema graphql grant all on tables to postgres, anon, authenticated, service_role;
        alter default privileges in schema graphql grant all on functions to postgres, anon, authenticated, service_role;
        alter default privileges in schema graphql grant all on sequences to postgres, anon, authenticated, service_role;

        -- Allow postgres role to allow granting usage on graphql and graphql_public schemas to custom roles
        grant usage on schema graphql_public to postgres with grant option;
        grant usage on schema graphql to postgres with grant option;
    END IF;

END;
$_$;


ALTER FUNCTION extensions.grant_pg_graphql_access() OWNER TO supabase_admin;

--
-- Name: FUNCTION grant_pg_graphql_access(); Type: COMMENT; Schema: extensions; Owner: supabase_admin
--

COMMENT ON FUNCTION extensions.grant_pg_graphql_access() IS 'Grants access to pg_graphql';


--
-- Name: grant_pg_net_access(); Type: FUNCTION; Schema: extensions; Owner: postgres
--

CREATE FUNCTION extensions.grant_pg_net_access() RETURNS event_trigger
    LANGUAGE plpgsql
    AS $$
BEGIN
  IF EXISTS (
    SELECT 1
    FROM pg_event_trigger_ddl_commands() AS ev
    JOIN pg_extension AS ext
    ON ev.objid = ext.oid
    WHERE ext.extname = 'pg_net'
  )
  THEN
    IF NOT EXISTS (
      SELECT 1
      FROM pg_roles
      WHERE rolname = 'supabase_functions_admin'
    )
    THEN
      CREATE USER supabase_functions_admin NOINHERIT CREATEROLE LOGIN NOREPLICATION;
    END IF;

    GRANT USAGE ON SCHEMA net TO supabase_functions_admin, postgres, anon, authenticated, service_role;

    IF EXISTS (
      SELECT FROM pg_extension
      WHERE extname = 'pg_net'
      -- all versions in use on existing projects as of 2025-02-20
      -- version 0.12.0 onwards don't need these applied
      AND extversion IN ('0.2', '0.6', '0.7', '0.7.1', '0.8', '0.10.0', '0.11.0')
    ) THEN
      ALTER function net.http_get(url text, params jsonb, headers jsonb, timeout_milliseconds integer) SECURITY DEFINER;
      ALTER function net.http_post(url text, body jsonb, params jsonb, headers jsonb, timeout_milliseconds integer) SECURITY DEFINER;

      ALTER function net.http_get(url text, params jsonb, headers jsonb, timeout_milliseconds integer) SET search_path = net;
      ALTER function net.http_post(url text, body jsonb, params jsonb, headers jsonb, timeout_milliseconds integer) SET search_path = net;

      REVOKE ALL ON FUNCTION net.http_get(url text, params jsonb, headers jsonb, timeout_milliseconds integer) FROM PUBLIC;
      REVOKE ALL ON FUNCTION net.http_post(url text, body jsonb, params jsonb, headers jsonb, timeout_milliseconds integer) FROM PUBLIC;

      GRANT EXECUTE ON FUNCTION net.http_get(url text, params jsonb, headers jsonb, timeout_milliseconds integer) TO supabase_functions_admin, postgres, anon, authenticated, service_role;
      GRANT EXECUTE ON FUNCTION net.http_post(url text, body jsonb, params jsonb, headers jsonb, timeout_milliseconds integer) TO supabase_functions_admin, postgres, anon, authenticated, service_role;
    END IF;
  END IF;
END;
$$;


ALTER FUNCTION extensions.grant_pg_net_access() OWNER TO postgres;

--
-- Name: FUNCTION grant_pg_net_access(); Type: COMMENT; Schema: extensions; Owner: postgres
--

COMMENT ON FUNCTION extensions.grant_pg_net_access() IS 'Grants access to pg_net';


--
-- Name: pgrst_ddl_watch(); Type: FUNCTION; Schema: extensions; Owner: supabase_admin
--

CREATE FUNCTION extensions.pgrst_ddl_watch() RETURNS event_trigger
    LANGUAGE plpgsql
    AS $$
DECLARE
  cmd record;
BEGIN
  FOR cmd IN SELECT * FROM pg_event_trigger_ddl_commands()
  LOOP
    IF cmd.command_tag IN (
      'CREATE SCHEMA', 'ALTER SCHEMA'
    , 'CREATE TABLE', 'CREATE TABLE AS', 'SELECT INTO', 'ALTER TABLE'
    , 'CREATE FOREIGN TABLE', 'ALTER FOREIGN TABLE'
    , 'CREATE VIEW', 'ALTER VIEW'
    , 'CREATE MATERIALIZED VIEW', 'ALTER MATERIALIZED VIEW'
    , 'CREATE FUNCTION', 'ALTER FUNCTION'
    , 'CREATE TRIGGER'
    , 'CREATE TYPE', 'ALTER TYPE'
    , 'CREATE RULE'
    , 'COMMENT'
    )
    -- don't notify in case of CREATE TEMP table or other objects created on pg_temp
    AND cmd.schema_name is distinct from 'pg_temp'
    THEN
      NOTIFY pgrst, 'reload schema';
    END IF;
  END LOOP;
END; $$;


ALTER FUNCTION extensions.pgrst_ddl_watch() OWNER TO supabase_admin;

--
-- Name: pgrst_drop_watch(); Type: FUNCTION; Schema: extensions; Owner: supabase_admin
--

CREATE FUNCTION extensions.pgrst_drop_watch() RETURNS event_trigger
    LANGUAGE plpgsql
    AS $$
DECLARE
  obj record;
BEGIN
  FOR obj IN SELECT * FROM pg_event_trigger_dropped_objects()
  LOOP
    IF obj.object_type IN (
      'schema'
    , 'table'
    , 'foreign table'
    , 'view'
    , 'materialized view'
    , 'function'
    , 'trigger'
    , 'type'
    , 'rule'
    )
    AND obj.is_temporary IS false -- no pg_temp objects
    THEN
      NOTIFY pgrst, 'reload schema';
    END IF;
  END LOOP;
END; $$;


ALTER FUNCTION extensions.pgrst_drop_watch() OWNER TO supabase_admin;

--
-- Name: set_graphql_placeholder(); Type: FUNCTION; Schema: extensions; Owner: supabase_admin
--

CREATE FUNCTION extensions.set_graphql_placeholder() RETURNS event_trigger
    LANGUAGE plpgsql
    AS $_$
    DECLARE
    graphql_is_dropped bool;
    BEGIN
    graphql_is_dropped = (
        SELECT ev.schema_name = 'graphql_public'
        FROM pg_event_trigger_dropped_objects() AS ev
        WHERE ev.schema_name = 'graphql_public'
    );

    IF graphql_is_dropped
    THEN
        create or replace function graphql_public.graphql(
            "operationName" text default null,
            query text default null,
            variables jsonb default null,
            extensions jsonb default null
        )
            returns jsonb
            language plpgsql
        as $$
            DECLARE
                server_version float;
            BEGIN
                server_version = (SELECT (SPLIT_PART((select version()), ' ', 2))::float);

                IF server_version >= 14 THEN
                    RETURN jsonb_build_object(
                        'errors', jsonb_build_array(
                            jsonb_build_object(
                                'message', 'pg_graphql extension is not enabled.'
                            )
                        )
                    );
                ELSE
                    RETURN jsonb_build_object(
                        'errors', jsonb_build_array(
                            jsonb_build_object(
                                'message', 'pg_graphql is only available on projects running Postgres 14 onwards.'
                            )
                        )
                    );
                END IF;
            END;
        $$;
    END IF;

    END;
$_$;


ALTER FUNCTION extensions.set_graphql_placeholder() OWNER TO supabase_admin;

--
-- Name: FUNCTION set_graphql_placeholder(); Type: COMMENT; Schema: extensions; Owner: supabase_admin
--

COMMENT ON FUNCTION extensions.set_graphql_placeholder() IS 'Reintroduces placeholder function for graphql_public.graphql';


--
-- Name: get_auth(text); Type: FUNCTION; Schema: pgbouncer; Owner: postgres
--

CREATE FUNCTION pgbouncer.get_auth(p_usename text) RETURNS TABLE(username text, password text)
    LANGUAGE plpgsql SECURITY DEFINER
    AS $$
BEGIN
    RAISE WARNING 'PgBouncer auth request: %', p_usename;

    RETURN QUERY
    SELECT usename::TEXT, passwd::TEXT FROM pg_catalog.pg_shadow
    WHERE usename = p_usename;
END;
$$;


ALTER FUNCTION pgbouncer.get_auth(p_usename text) OWNER TO postgres;

--
-- Name: apply_rls(jsonb, integer); Type: FUNCTION; Schema: realtime; Owner: supabase_admin
--

CREATE FUNCTION realtime.apply_rls(wal jsonb, max_record_bytes integer DEFAULT (1024 * 1024)) RETURNS SETOF realtime.wal_rls
    LANGUAGE plpgsql
    AS $$
declare
-- Regclass of the table e.g. public.notes
entity_ regclass = (quote_ident(wal ->> 'schema') || '.' || quote_ident(wal ->> 'table'))::regclass;

-- I, U, D, T: insert, update ...
action realtime.action = (
    case wal ->> 'action'
        when 'I' then 'INSERT'
        when 'U' then 'UPDATE'
        when 'D' then 'DELETE'
        else 'ERROR'
    end
);

-- Is row level security enabled for the table
is_rls_enabled bool = relrowsecurity from pg_class where oid = entity_;

subscriptions realtime.subscription[] = array_agg(subs)
    from
        realtime.subscription subs
    where
        subs.entity = entity_;

-- Subscription vars
roles regrole[] = array_agg(distinct us.claims_role::text)
    from
        unnest(subscriptions) us;

working_role regrole;
claimed_role regrole;
claims jsonb;

subscription_id uuid;
subscription_has_access bool;
visible_to_subscription_ids uuid[] = '{}';

-- structured info for wal's columns
columns realtime.wal_column[];
-- previous identity values for update/delete
old_columns realtime.wal_column[];

error_record_exceeds_max_size boolean = octet_length(wal::text) > max_record_bytes;

-- Primary jsonb output for record
output jsonb;

begin
perform set_config('role', null, true);

columns =
    array_agg(
        (
            x->>'name',
            x->>'type',
            x->>'typeoid',
            realtime.cast(
                (x->'value') #>> '{}',
                coalesce(
                    (x->>'typeoid')::regtype, -- null when wal2json version <= 2.4
                    (x->>'type')::regtype
                )
            ),
            (pks ->> 'name') is not null,
            true
        )::realtime.wal_column
    )
    from
        jsonb_array_elements(wal -> 'columns') x
        left join jsonb_array_elements(wal -> 'pk') pks
            on (x ->> 'name') = (pks ->> 'name');

old_columns =
    array_agg(
        (
            x->>'name',
            x->>'type',
            x->>'typeoid',
            realtime.cast(
                (x->'value') #>> '{}',
                coalesce(
                    (x->>'typeoid')::regtype, -- null when wal2json version <= 2.4
                    (x->>'type')::regtype
                )
            ),
            (pks ->> 'name') is not null,
            true
        )::realtime.wal_column
    )
    from
        jsonb_array_elements(wal -> 'identity') x
        left join jsonb_array_elements(wal -> 'pk') pks
            on (x ->> 'name') = (pks ->> 'name');

for working_role in select * from unnest(roles) loop

    -- Update `is_selectable` for columns and old_columns
    columns =
        array_agg(
            (
                c.name,
                c.type_name,
                c.type_oid,
                c.value,
                c.is_pkey,
                pg_catalog.has_column_privilege(working_role, entity_, c.name, 'SELECT')
            )::realtime.wal_column
        )
        from
            unnest(columns) c;

    old_columns =
            array_agg(
                (
                    c.name,
                    c.type_name,
                    c.type_oid,
                    c.value,
                    c.is_pkey,
                    pg_catalog.has_column_privilege(working_role, entity_, c.name, 'SELECT')
                )::realtime.wal_column
            )
            from
                unnest(old_columns) c;

    if action <> 'DELETE' and count(1) = 0 from unnest(columns) c where c.is_pkey then
        return next (
            jsonb_build_object(
                'schema', wal ->> 'schema',
                'table', wal ->> 'table',
                'type', action
            ),
            is_rls_enabled,
            -- subscriptions is already filtered by entity
            (select array_agg(s.subscription_id) from unnest(subscriptions) as s where claims_role = working_role),
            array['Error 400: Bad Request, no primary key']
        )::realtime.wal_rls;

    -- The claims role does not have SELECT permission to the primary key of entity
    elsif action <> 'DELETE' and sum(c.is_selectable::int) <> count(1) from unnest(columns) c where c.is_pkey then
        return next (
            jsonb_build_object(
                'schema', wal ->> 'schema',
                'table', wal ->> 'table',
                'type', action
            ),
            is_rls_enabled,
            (select array_agg(s.subscription_id) from unnest(subscriptions) as s where claims_role = working_role),
            array['Error 401: Unauthorized']
        )::realtime.wal_rls;

    else
        output = jsonb_build_object(
            'schema', wal ->> 'schema',
            'table', wal ->> 'table',
            'type', action,
            'commit_timestamp', to_char(
                ((wal ->> 'timestamp')::timestamptz at time zone 'utc'),
                'YYYY-MM-DD"T"HH24:MI:SS.MS"Z"'
            ),
            'columns', (
                select
                    jsonb_agg(
                        jsonb_build_object(
                            'name', pa.attname,
                            'type', pt.typname
                        )
                        order by pa.attnum asc
                    )
                from
                    pg_attribute pa
                    join pg_type pt
                        on pa.atttypid = pt.oid
                where
                    attrelid = entity_
                    and attnum > 0
                    and pg_catalog.has_column_privilege(working_role, entity_, pa.attname, 'SELECT')
            )
        )
        -- Add "record" key for insert and update
        || case
            when action in ('INSERT', 'UPDATE') then
                jsonb_build_object(
                    'record',
                    (
                        select
                            jsonb_object_agg(
                                -- if unchanged toast, get column name and value from old record
                                coalesce((c).name, (oc).name),
                                case
                                    when (c).name is null then (oc).value
                                    else (c).value
                                end
                            )
                        from
                            unnest(columns) c
                            full outer join unnest(old_columns) oc
                                on (c).name = (oc).name
                        where
                            coalesce((c).is_selectable, (oc).is_selectable)
                            and ( not error_record_exceeds_max_size or (octet_length((c).value::text) <= 64))
                    )
                )
            else '{}'::jsonb
        end
        -- Add "old_record" key for update and delete
        || case
            when action = 'UPDATE' then
                jsonb_build_object(
                        'old_record',
                        (
                            select jsonb_object_agg((c).name, (c).value)
                            from unnest(old_columns) c
                            where
                                (c).is_selectable
                                and ( not error_record_exceeds_max_size or (octet_length((c).value::text) <= 64))
                        )
                    )
            when action = 'DELETE' then
                jsonb_build_object(
                    'old_record',
                    (
                        select jsonb_object_agg((c).name, (c).value)
                        from unnest(old_columns) c
                        where
                            (c).is_selectable
                            and ( not error_record_exceeds_max_size or (octet_length((c).value::text) <= 64))
                            and ( not is_rls_enabled or (c).is_pkey ) -- if RLS enabled, we can't secure deletes so filter to pkey
                    )
                )
            else '{}'::jsonb
        end;

        -- Create the prepared statement
        if is_rls_enabled and action <> 'DELETE' then
            if (select 1 from pg_prepared_statements where name = 'walrus_rls_stmt' limit 1) > 0 then
                deallocate walrus_rls_stmt;
            end if;
            execute realtime.build_prepared_statement_sql('walrus_rls_stmt', entity_, columns);
        end if;

        visible_to_subscription_ids = '{}';

        for subscription_id, claims in (
                select
                    subs.subscription_id,
                    subs.claims
                from
                    unnest(subscriptions) subs
                where
                    subs.entity = entity_
                    and subs.claims_role = working_role
                    and (
                        realtime.is_visible_through_filters(columns, subs.filters)
                        or (
                          action = 'DELETE'
                          and realtime.is_visible_through_filters(old_columns, subs.filters)
                        )
                    )
        ) loop

            if not is_rls_enabled or action = 'DELETE' then
                visible_to_subscription_ids = visible_to_subscription_ids || subscription_id;
            else
                -- Check if RLS allows the role to see the record
                perform
                    -- Trim leading and trailing quotes from working_role because set_config
                    -- doesn't recognize the role as valid if they are included
                    set_config('role', trim(both '"' from working_role::text), true),
                    set_config('request.jwt.claims', claims::text, true);

                execute 'execute walrus_rls_stmt' into subscription_has_access;

                if subscription_has_access then
                    visible_to_subscription_ids = visible_to_subscription_ids || subscription_id;
                end if;
            end if;
        end loop;

        perform set_config('role', null, true);

        return next (
            output,
            is_rls_enabled,
            visible_to_subscription_ids,
            case
                when error_record_exceeds_max_size then array['Error 413: Payload Too Large']
                else '{}'
            end
        )::realtime.wal_rls;

    end if;
end loop;

perform set_config('role', null, true);
end;
$$;


ALTER FUNCTION realtime.apply_rls(wal jsonb, max_record_bytes integer) OWNER TO supabase_admin;

--
-- Name: build_prepared_statement_sql(text, regclass, realtime.wal_column[]); Type: FUNCTION; Schema: realtime; Owner: supabase_admin
--

CREATE FUNCTION realtime.build_prepared_statement_sql(prepared_statement_name text, entity regclass, columns realtime.wal_column[]) RETURNS text
    LANGUAGE sql
    AS $$
      /*
      Builds a sql string that, if executed, creates a prepared statement to
      tests retrive a row from *entity* by its primary key columns.
      Example
          select realtime.build_prepared_statement_sql('public.notes', '{"id"}'::text[], '{"bigint"}'::text[])
      */
          select
      'prepare ' || prepared_statement_name || ' as
          select
              exists(
                  select
                      1
                  from
                      ' || entity || '
                  where
                      ' || string_agg(quote_ident(pkc.name) || '=' || quote_nullable(pkc.value #>> '{}') , ' and ') || '
              )'
          from
              unnest(columns) pkc
          where
              pkc.is_pkey
          group by
              entity
      $$;


ALTER FUNCTION realtime.build_prepared_statement_sql(prepared_statement_name text, entity regclass, columns realtime.wal_column[]) OWNER TO supabase_admin;

--
-- Name: cast(text, regtype); Type: FUNCTION; Schema: realtime; Owner: supabase_admin
--

CREATE FUNCTION realtime."cast"(val text, type_ regtype) RETURNS jsonb
    LANGUAGE plpgsql IMMUTABLE
    AS $$
    declare
      res jsonb;
    begin
      execute format('select to_jsonb(%L::'|| type_::text || ')', val)  into res;
      return res;
    end
    $$;


ALTER FUNCTION realtime."cast"(val text, type_ regtype) OWNER TO supabase_admin;

--
-- Name: check_equality_op(realtime.equality_op, regtype, text, text); Type: FUNCTION; Schema: realtime; Owner: supabase_admin
--

CREATE FUNCTION realtime.check_equality_op(op realtime.equality_op, type_ regtype, val_1 text, val_2 text) RETURNS boolean
    LANGUAGE plpgsql IMMUTABLE
    AS $$
      /*
      Casts *val_1* and *val_2* as type *type_* and check the *op* condition for truthiness
      */
      declare
          op_symbol text = (
              case
                  when op = 'eq' then '='
                  when op = 'neq' then '!='
                  when op = 'lt' then '<'
                  when op = 'lte' then '<='
                  when op = 'gt' then '>'
                  when op = 'gte' then '>='
                  when op = 'in' then '= any'
                  else 'UNKNOWN OP'
              end
          );
          res boolean;
      begin
          execute format(
              'select %L::'|| type_::text || ' ' || op_symbol
              || ' ( %L::'
              || (
                  case
                      when op = 'in' then type_::text || '[]'
                      else type_::text end
              )
              || ')', val_1, val_2) into res;
          return res;
      end;
      $$;


ALTER FUNCTION realtime.check_equality_op(op realtime.equality_op, type_ regtype, val_1 text, val_2 text) OWNER TO supabase_admin;

--
-- Name: is_visible_through_filters(realtime.wal_column[], realtime.user_defined_filter[]); Type: FUNCTION; Schema: realtime; Owner: supabase_admin
--

CREATE FUNCTION realtime.is_visible_through_filters(columns realtime.wal_column[], filters realtime.user_defined_filter[]) RETURNS boolean
    LANGUAGE sql IMMUTABLE
    AS $_$
    /*
    Should the record be visible (true) or filtered out (false) after *filters* are applied
    */
        select
            -- Default to allowed when no filters present
            $2 is null -- no filters. this should not happen because subscriptions has a default
            or array_length($2, 1) is null -- array length of an empty array is null
            or bool_and(
                coalesce(
                    realtime.check_equality_op(
                        op:=f.op,
                        type_:=coalesce(
                            col.type_oid::regtype, -- null when wal2json version <= 2.4
                            col.type_name::regtype
                        ),
                        -- cast jsonb to text
                        val_1:=col.value #>> '{}',
                        val_2:=f.value
                    ),
                    false -- if null, filter does not match
                )
            )
        from
            unnest(filters) f
            join unnest(columns) col
                on f.column_name = col.name;
    $_$;


ALTER FUNCTION realtime.is_visible_through_filters(columns realtime.wal_column[], filters realtime.user_defined_filter[]) OWNER TO supabase_admin;

--
-- Name: list_changes(name, name, integer, integer); Type: FUNCTION; Schema: realtime; Owner: supabase_admin
--

CREATE FUNCTION realtime.list_changes(publication name, slot_name name, max_changes integer, max_record_bytes integer) RETURNS SETOF realtime.wal_rls
    LANGUAGE sql
    SET log_min_messages TO 'fatal'
    AS $$
      with pub as (
        select
          concat_ws(
            ',',
            case when bool_or(pubinsert) then 'insert' else null end,
            case when bool_or(pubupdate) then 'update' else null end,
            case when bool_or(pubdelete) then 'delete' else null end
          ) as w2j_actions,
          coalesce(
            string_agg(
              realtime.quote_wal2json(format('%I.%I', schemaname, tablename)::regclass),
              ','
            ) filter (where ppt.tablename is not null and ppt.tablename not like '% %'),
            ''
          ) w2j_add_tables
        from
          pg_publication pp
          left join pg_publication_tables ppt
            on pp.pubname = ppt.pubname
        where
          pp.pubname = publication
        group by
          pp.pubname
        limit 1
      ),
      w2j as (
        select
          x.*, pub.w2j_add_tables
        from
          pub,
          pg_logical_slot_get_changes(
            slot_name, null, max_changes,
            'include-pk', 'true',
            'include-transaction', 'false',
            'include-timestamp', 'true',
            'include-type-oids', 'true',
            'format-version', '2',
            'actions', pub.w2j_actions,
            'add-tables', pub.w2j_add_tables
          ) x
      )
      select
        xyz.wal,
        xyz.is_rls_enabled,
        xyz.subscription_ids,
        xyz.errors
      from
        w2j,
        realtime.apply_rls(
          wal := w2j.data::jsonb,
          max_record_bytes := max_record_bytes
        ) xyz(wal, is_rls_enabled, subscription_ids, errors)
      where
        w2j.w2j_add_tables <> ''
        and xyz.subscription_ids[1] is not null
    $$;


ALTER FUNCTION realtime.list_changes(publication name, slot_name name, max_changes integer, max_record_bytes integer) OWNER TO supabase_admin;

--
-- Name: quote_wal2json(regclass); Type: FUNCTION; Schema: realtime; Owner: supabase_admin
--

CREATE FUNCTION realtime.quote_wal2json(entity regclass) RETURNS text
    LANGUAGE sql IMMUTABLE STRICT
    AS $$
      select
        (
          select string_agg('' || ch,'')
          from unnest(string_to_array(nsp.nspname::text, null)) with ordinality x(ch, idx)
          where
            not (x.idx = 1 and x.ch = '"')
            and not (
              x.idx = array_length(string_to_array(nsp.nspname::text, null), 1)
              and x.ch = '"'
            )
        )
        || '.'
        || (
          select string_agg('' || ch,'')
          from unnest(string_to_array(pc.relname::text, null)) with ordinality x(ch, idx)
          where
            not (x.idx = 1 and x.ch = '"')
            and not (
              x.idx = array_length(string_to_array(nsp.nspname::text, null), 1)
              and x.ch = '"'
            )
          )
      from
        pg_class pc
        join pg_namespace nsp
          on pc.relnamespace = nsp.oid
      where
        pc.oid = entity
    $$;


ALTER FUNCTION realtime.quote_wal2json(entity regclass) OWNER TO supabase_admin;

--
-- Name: subscription_check_filters(); Type: FUNCTION; Schema: realtime; Owner: supabase_admin
--

CREATE FUNCTION realtime.subscription_check_filters() RETURNS trigger
    LANGUAGE plpgsql
    AS $$
    /*
    Validates that the user defined filters for a subscription:
    - refer to valid columns that the claimed role may access
    - values are coercable to the correct column type
    */
    declare
        col_names text[] = coalesce(
                array_agg(c.column_name order by c.ordinal_position),
                '{}'::text[]
            )
            from
                information_schema.columns c
            where
                format('%I.%I', c.table_schema, c.table_name)::regclass = new.entity
                and pg_catalog.has_column_privilege(
                    (new.claims ->> 'role'),
                    format('%I.%I', c.table_schema, c.table_name)::regclass,
                    c.column_name,
                    'SELECT'
                );
        filter realtime.user_defined_filter;
        col_type regtype;

        in_val jsonb;
    begin
        for filter in select * from unnest(new.filters) loop
            -- Filtered column is valid
            if not filter.column_name = any(col_names) then
                raise exception 'invalid column for filter %', filter.column_name;
            end if;

            -- Type is sanitized and safe for string interpolation
            col_type = (
                select atttypid::regtype
                from pg_catalog.pg_attribute
                where attrelid = new.entity
                      and attname = filter.column_name
            );
            if col_type is null then
                raise exception 'failed to lookup type for column %', filter.column_name;
            end if;

            -- Set maximum number of entries for in filter
            if filter.op = 'in'::realtime.equality_op then
                in_val = realtime.cast(filter.value, (col_type::text || '[]')::regtype);
                if coalesce(jsonb_array_length(in_val), 0) > 100 then
                    raise exception 'too many values for `in` filter. Maximum 100';
                end if;
            else
                -- raises an exception if value is not coercable to type
                perform realtime.cast(filter.value, col_type);
            end if;

        end loop;

        -- Apply consistent order to filters so the unique constraint on
        -- (subscription_id, entity, filters) can't be tricked by a different filter order
        new.filters = coalesce(
            array_agg(f order by f.column_name, f.op, f.value),
            '{}'
        ) from unnest(new.filters) f;

        return new;
    end;
    $$;


ALTER FUNCTION realtime.subscription_check_filters() OWNER TO supabase_admin;

--
-- Name: to_regrole(text); Type: FUNCTION; Schema: realtime; Owner: supabase_admin
--

CREATE FUNCTION realtime.to_regrole(role_name text) RETURNS regrole
    LANGUAGE sql IMMUTABLE
    AS $$ select role_name::regrole $$;


ALTER FUNCTION realtime.to_regrole(role_name text) OWNER TO supabase_admin;

--
-- Name: topic(); Type: FUNCTION; Schema: realtime; Owner: supabase_realtime_admin
--

CREATE FUNCTION realtime.topic() RETURNS text
    LANGUAGE sql STABLE
    AS $$
select nullif(current_setting('realtime.topic', true), '')::text;
$$;


ALTER FUNCTION realtime.topic() OWNER TO supabase_realtime_admin;

--
-- Name: can_insert_object(text, text, uuid, jsonb); Type: FUNCTION; Schema: storage; Owner: supabase_storage_admin
--

CREATE FUNCTION storage.can_insert_object(bucketid text, name text, owner uuid, metadata jsonb) RETURNS void
    LANGUAGE plpgsql
    AS $$
BEGIN
  INSERT INTO "storage"."objects" ("bucket_id", "name", "owner", "metadata") VALUES (bucketid, name, owner, metadata);
  -- hack to rollback the successful insert
  RAISE sqlstate 'PT200' using
  message = 'ROLLBACK',
  detail = 'rollback successful insert';
END
$$;


ALTER FUNCTION storage.can_insert_object(bucketid text, name text, owner uuid, metadata jsonb) OWNER TO supabase_storage_admin;

--
-- Name: extension(text); Type: FUNCTION; Schema: storage; Owner: supabase_storage_admin
--

CREATE FUNCTION storage.extension(name text) RETURNS text
    LANGUAGE plpgsql
    AS $$
DECLARE
_parts text[];
_filename text;
BEGIN
	select string_to_array(name, '/') into _parts;
	select _parts[array_length(_parts,1)] into _filename;
	-- @todo return the last part instead of 2
	return reverse(split_part(reverse(_filename), '.', 1));
END
$$;


ALTER FUNCTION storage.extension(name text) OWNER TO supabase_storage_admin;

--
-- Name: filename(text); Type: FUNCTION; Schema: storage; Owner: supabase_storage_admin
--

CREATE FUNCTION storage.filename(name text) RETURNS text
    LANGUAGE plpgsql
    AS $$
DECLARE
_parts text[];
BEGIN
	select string_to_array(name, '/') into _parts;
	return _parts[array_length(_parts,1)];
END
$$;


ALTER FUNCTION storage.filename(name text) OWNER TO supabase_storage_admin;

--
-- Name: foldername(text); Type: FUNCTION; Schema: storage; Owner: supabase_storage_admin
--

CREATE FUNCTION storage.foldername(name text) RETURNS text[]
    LANGUAGE plpgsql
    AS $$
DECLARE
_parts text[];
BEGIN
	select string_to_array(name, '/') into _parts;
	return _parts[1:array_length(_parts,1)-1];
END
$$;


ALTER FUNCTION storage.foldername(name text) OWNER TO supabase_storage_admin;

--
-- Name: get_size_by_bucket(); Type: FUNCTION; Schema: storage; Owner: supabase_storage_admin
--

CREATE FUNCTION storage.get_size_by_bucket() RETURNS TABLE(size bigint, bucket_id text)
    LANGUAGE plpgsql
    AS $$
BEGIN
    return query
        select sum((metadata->>'size')::int) as size, obj.bucket_id
        from "storage".objects as obj
        group by obj.bucket_id;
END
$$;


ALTER FUNCTION storage.get_size_by_bucket() OWNER TO supabase_storage_admin;

--
-- Name: list_multipart_uploads_with_delimiter(text, text, text, integer, text, text); Type: FUNCTION; Schema: storage; Owner: supabase_storage_admin
--

CREATE FUNCTION storage.list_multipart_uploads_with_delimiter(bucket_id text, prefix_param text, delimiter_param text, max_keys integer DEFAULT 100, next_key_token text DEFAULT ''::text, next_upload_token text DEFAULT ''::text) RETURNS TABLE(key text, id text, created_at timestamp with time zone)
    LANGUAGE plpgsql
    AS $_$
BEGIN
    RETURN QUERY EXECUTE
        'SELECT DISTINCT ON(key COLLATE "C") * from (
            SELECT
                CASE
                    WHEN position($2 IN substring(key from length($1) + 1)) > 0 THEN
                        substring(key from 1 for length($1) + position($2 IN substring(key from length($1) + 1)))
                    ELSE
                        key
                END AS key, id, created_at
            FROM
                storage.s3_multipart_uploads
            WHERE
                bucket_id = $5 AND
                key ILIKE $1 || ''%'' AND
                CASE
                    WHEN $4 != '''' AND $6 = '''' THEN
                        CASE
                            WHEN position($2 IN substring(key from length($1) + 1)) > 0 THEN
                                substring(key from 1 for length($1) + position($2 IN substring(key from length($1) + 1))) COLLATE "C" > $4
                            ELSE
                                key COLLATE "C" > $4
                            END
                    ELSE
                        true
                END AND
                CASE
                    WHEN $6 != '''' THEN
                        id COLLATE "C" > $6
                    ELSE
                        true
                    END
            ORDER BY
                key COLLATE "C" ASC, created_at ASC) as e order by key COLLATE "C" LIMIT $3'
        USING prefix_param, delimiter_param, max_keys, next_key_token, bucket_id, next_upload_token;
END;
$_$;


ALTER FUNCTION storage.list_multipart_uploads_with_delimiter(bucket_id text, prefix_param text, delimiter_param text, max_keys integer, next_key_token text, next_upload_token text) OWNER TO supabase_storage_admin;

--
-- Name: list_objects_with_delimiter(text, text, text, integer, text, text); Type: FUNCTION; Schema: storage; Owner: supabase_storage_admin
--

CREATE FUNCTION storage.list_objects_with_delimiter(bucket_id text, prefix_param text, delimiter_param text, max_keys integer DEFAULT 100, start_after text DEFAULT ''::text, next_token text DEFAULT ''::text) RETURNS TABLE(name text, id uuid, metadata jsonb, updated_at timestamp with time zone)
    LANGUAGE plpgsql
    AS $_$
BEGIN
    RETURN QUERY EXECUTE
        'SELECT DISTINCT ON(name COLLATE "C") * from (
            SELECT
                CASE
                    WHEN position($2 IN substring(name from length($1) + 1)) > 0 THEN
                        substring(name from 1 for length($1) + position($2 IN substring(name from length($1) + 1)))
                    ELSE
                        name
                END AS name, id, metadata, updated_at
            FROM
                storage.objects
            WHERE
                bucket_id = $5 AND
                name ILIKE $1 || ''%'' AND
                CASE
                    WHEN $6 != '''' THEN
                    name COLLATE "C" > $6
                ELSE true END
                AND CASE
                    WHEN $4 != '''' THEN
                        CASE
                            WHEN position($2 IN substring(name from length($1) + 1)) > 0 THEN
                                substring(name from 1 for length($1) + position($2 IN substring(name from length($1) + 1))) COLLATE "C" > $4
                            ELSE
                                name COLLATE "C" > $4
                            END
                    ELSE
                        true
                END
            ORDER BY
                name COLLATE "C" ASC) as e order by name COLLATE "C" LIMIT $3'
        USING prefix_param, delimiter_param, max_keys, next_token, bucket_id, start_after;
END;
$_$;


ALTER FUNCTION storage.list_objects_with_delimiter(bucket_id text, prefix_param text, delimiter_param text, max_keys integer, start_after text, next_token text) OWNER TO supabase_storage_admin;

--
-- Name: operation(); Type: FUNCTION; Schema: storage; Owner: supabase_storage_admin
--

CREATE FUNCTION storage.operation() RETURNS text
    LANGUAGE plpgsql STABLE
    AS $$
BEGIN
    RETURN current_setting('storage.operation', true);
END;
$$;


ALTER FUNCTION storage.operation() OWNER TO supabase_storage_admin;

--
-- Name: search(text, text, integer, integer, integer, text, text, text); Type: FUNCTION; Schema: storage; Owner: supabase_storage_admin
--

CREATE FUNCTION storage.search(prefix text, bucketname text, limits integer DEFAULT 100, levels integer DEFAULT 1, offsets integer DEFAULT 0, search text DEFAULT ''::text, sortcolumn text DEFAULT 'name'::text, sortorder text DEFAULT 'asc'::text) RETURNS TABLE(name text, id uuid, updated_at timestamp with time zone, created_at timestamp with time zone, last_accessed_at timestamp with time zone, metadata jsonb)
    LANGUAGE plpgsql STABLE
    AS $_$
declare
  v_order_by text;
  v_sort_order text;
begin
  case
    when sortcolumn = 'name' then
      v_order_by = 'name';
    when sortcolumn = 'updated_at' then
      v_order_by = 'updated_at';
    when sortcolumn = 'created_at' then
      v_order_by = 'created_at';
    when sortcolumn = 'last_accessed_at' then
      v_order_by = 'last_accessed_at';
    else
      v_order_by = 'name';
  end case;

  case
    when sortorder = 'asc' then
      v_sort_order = 'asc';
    when sortorder = 'desc' then
      v_sort_order = 'desc';
    else
      v_sort_order = 'asc';
  end case;

  v_order_by = v_order_by || ' ' || v_sort_order;

  return query execute
    'with folders as (
       select path_tokens[$1] as folder
       from storage.objects
         where objects.name ilike $2 || $3 || ''%''
           and bucket_id = $4
           and array_length(objects.path_tokens, 1) <> $1
       group by folder
       order by folder ' || v_sort_order || '
     )
     (select folder as "name",
            null as id,
            null as updated_at,
            null as created_at,
            null as last_accessed_at,
            null as metadata from folders)
     union all
     (select path_tokens[$1] as "name",
            id,
            updated_at,
            created_at,
            last_accessed_at,
            metadata
     from storage.objects
     where objects.name ilike $2 || $3 || ''%''
       and bucket_id = $4
       and array_length(objects.path_tokens, 1) = $1
     order by ' || v_order_by || ')
     limit $5
     offset $6' using levels, prefix, search, bucketname, limits, offsets;
end;
$_$;


ALTER FUNCTION storage.search(prefix text, bucketname text, limits integer, levels integer, offsets integer, search text, sortcolumn text, sortorder text) OWNER TO supabase_storage_admin;

--
-- Name: update_updated_at_column(); Type: FUNCTION; Schema: storage; Owner: supabase_storage_admin
--

CREATE FUNCTION storage.update_updated_at_column() RETURNS trigger
    LANGUAGE plpgsql
    AS $$
BEGIN
    NEW.updated_at = now();
    RETURN NEW; 
END;
$$;


ALTER FUNCTION storage.update_updated_at_column() OWNER TO supabase_storage_admin;

--
-- Name: secrets_encrypt_secret_secret(); Type: FUNCTION; Schema: vault; Owner: supabase_admin
--

CREATE FUNCTION vault.secrets_encrypt_secret_secret() RETURNS trigger
    LANGUAGE plpgsql
    AS $$
		BEGIN
		        new.secret = CASE WHEN new.secret IS NULL THEN NULL ELSE
			CASE WHEN new.key_id IS NULL THEN NULL ELSE pg_catalog.encode(
			  pgsodium.crypto_aead_det_encrypt(
				pg_catalog.convert_to(new.secret, 'utf8'),
				pg_catalog.convert_to((new.id::text || new.description::text || new.created_at::text || new.updated_at::text)::text, 'utf8'),
				new.key_id::uuid,
				new.nonce
			  ),
				'base64') END END;
		RETURN new;
		END;
		$$;


ALTER FUNCTION vault.secrets_encrypt_secret_secret() OWNER TO supabase_admin;

SET default_tablespace = '';

SET default_table_access_method = heap;

--
-- Name: audit_log_entries; Type: TABLE; Schema: auth; Owner: supabase_auth_admin
--

CREATE TABLE auth.audit_log_entries (
    instance_id uuid,
    id uuid NOT NULL,
    payload json,
    created_at timestamp with time zone,
    ip_address character varying(64) DEFAULT ''::character varying NOT NULL
);


ALTER TABLE auth.audit_log_entries OWNER TO supabase_auth_admin;

--
-- Name: TABLE audit_log_entries; Type: COMMENT; Schema: auth; Owner: supabase_auth_admin
--

COMMENT ON TABLE auth.audit_log_entries IS 'Auth: Audit trail for user actions.';


--
-- Name: flow_state; Type: TABLE; Schema: auth; Owner: supabase_auth_admin
--

CREATE TABLE auth.flow_state (
    id uuid NOT NULL,
    user_id uuid,
    auth_code text NOT NULL,
    code_challenge_method auth.code_challenge_method NOT NULL,
    code_challenge text NOT NULL,
    provider_type text NOT NULL,
    provider_access_token text,
    provider_refresh_token text,
    created_at timestamp with time zone,
    updated_at timestamp with time zone,
    authentication_method text NOT NULL,
    auth_code_issued_at timestamp with time zone
);


ALTER TABLE auth.flow_state OWNER TO supabase_auth_admin;

--
-- Name: TABLE flow_state; Type: COMMENT; Schema: auth; Owner: supabase_auth_admin
--

COMMENT ON TABLE auth.flow_state IS 'stores metadata for pkce logins';


--
-- Name: identities; Type: TABLE; Schema: auth; Owner: supabase_auth_admin
--

CREATE TABLE auth.identities (
    provider_id text NOT NULL,
    user_id uuid NOT NULL,
    identity_data jsonb NOT NULL,
    provider text NOT NULL,
    last_sign_in_at timestamp with time zone,
    created_at timestamp with time zone,
    updated_at timestamp with time zone,
    email text GENERATED ALWAYS AS (lower((identity_data ->> 'email'::text))) STORED,
    id uuid DEFAULT gen_random_uuid() NOT NULL
);


ALTER TABLE auth.identities OWNER TO supabase_auth_admin;

--
-- Name: TABLE identities; Type: COMMENT; Schema: auth; Owner: supabase_auth_admin
--

COMMENT ON TABLE auth.identities IS 'Auth: Stores identities associated to a user.';


--
-- Name: COLUMN identities.email; Type: COMMENT; Schema: auth; Owner: supabase_auth_admin
--

COMMENT ON COLUMN auth.identities.email IS 'Auth: Email is a generated column that references the optional email property in the identity_data';


--
-- Name: instances; Type: TABLE; Schema: auth; Owner: supabase_auth_admin
--

CREATE TABLE auth.instances (
    id uuid NOT NULL,
    uuid uuid,
    raw_base_config text,
    created_at timestamp with time zone,
    updated_at timestamp with time zone
);


ALTER TABLE auth.instances OWNER TO supabase_auth_admin;

--
-- Name: TABLE instances; Type: COMMENT; Schema: auth; Owner: supabase_auth_admin
--

COMMENT ON TABLE auth.instances IS 'Auth: Manages users across multiple sites.';


--
-- Name: mfa_amr_claims; Type: TABLE; Schema: auth; Owner: supabase_auth_admin
--

CREATE TABLE auth.mfa_amr_claims (
    session_id uuid NOT NULL,
    created_at timestamp with time zone NOT NULL,
    updated_at timestamp with time zone NOT NULL,
    authentication_method text NOT NULL,
    id uuid NOT NULL
);


ALTER TABLE auth.mfa_amr_claims OWNER TO supabase_auth_admin;

--
-- Name: TABLE mfa_amr_claims; Type: COMMENT; Schema: auth; Owner: supabase_auth_admin
--

COMMENT ON TABLE auth.mfa_amr_claims IS 'auth: stores authenticator method reference claims for multi factor authentication';


--
-- Name: mfa_challenges; Type: TABLE; Schema: auth; Owner: supabase_auth_admin
--

CREATE TABLE auth.mfa_challenges (
    id uuid NOT NULL,
    factor_id uuid NOT NULL,
    created_at timestamp with time zone NOT NULL,
    verified_at timestamp with time zone,
    ip_address inet NOT NULL,
    otp_code text,
    web_authn_session_data jsonb
);


ALTER TABLE auth.mfa_challenges OWNER TO supabase_auth_admin;

--
-- Name: TABLE mfa_challenges; Type: COMMENT; Schema: auth; Owner: supabase_auth_admin
--

COMMENT ON TABLE auth.mfa_challenges IS 'auth: stores metadata about challenge requests made';


--
-- Name: mfa_factors; Type: TABLE; Schema: auth; Owner: supabase_auth_admin
--

CREATE TABLE auth.mfa_factors (
    id uuid NOT NULL,
    user_id uuid NOT NULL,
    friendly_name text,
    factor_type auth.factor_type NOT NULL,
    status auth.factor_status NOT NULL,
    created_at timestamp with time zone NOT NULL,
    updated_at timestamp with time zone NOT NULL,
    secret text,
    phone text,
    last_challenged_at timestamp with time zone,
    web_authn_credential jsonb,
    web_authn_aaguid uuid
);


ALTER TABLE auth.mfa_factors OWNER TO supabase_auth_admin;

--
-- Name: TABLE mfa_factors; Type: COMMENT; Schema: auth; Owner: supabase_auth_admin
--

COMMENT ON TABLE auth.mfa_factors IS 'auth: stores metadata about factors';


--
-- Name: one_time_tokens; Type: TABLE; Schema: auth; Owner: supabase_auth_admin
--

CREATE TABLE auth.one_time_tokens (
    id uuid NOT NULL,
    user_id uuid NOT NULL,
    token_type auth.one_time_token_type NOT NULL,
    token_hash text NOT NULL,
    relates_to text NOT NULL,
    created_at timestamp without time zone DEFAULT now() NOT NULL,
    updated_at timestamp without time zone DEFAULT now() NOT NULL,
    CONSTRAINT one_time_tokens_token_hash_check CHECK ((char_length(token_hash) > 0))
);


ALTER TABLE auth.one_time_tokens OWNER TO supabase_auth_admin;

--
-- Name: refresh_tokens; Type: TABLE; Schema: auth; Owner: supabase_auth_admin
--

CREATE TABLE auth.refresh_tokens (
    instance_id uuid,
    id bigint NOT NULL,
    token character varying(255),
    user_id character varying(255),
    revoked boolean,
    created_at timestamp with time zone,
    updated_at timestamp with time zone,
    parent character varying(255),
    session_id uuid
);


ALTER TABLE auth.refresh_tokens OWNER TO supabase_auth_admin;

--
-- Name: TABLE refresh_tokens; Type: COMMENT; Schema: auth; Owner: supabase_auth_admin
--

COMMENT ON TABLE auth.refresh_tokens IS 'Auth: Store of tokens used to refresh JWT tokens once they expire.';


--
-- Name: refresh_tokens_id_seq; Type: SEQUENCE; Schema: auth; Owner: supabase_auth_admin
--

CREATE SEQUENCE auth.refresh_tokens_id_seq
    START WITH 1
    INCREMENT BY 1
    NO MINVALUE
    NO MAXVALUE
    CACHE 1;


ALTER TABLE auth.refresh_tokens_id_seq OWNER TO supabase_auth_admin;

--
-- Name: refresh_tokens_id_seq; Type: SEQUENCE OWNED BY; Schema: auth; Owner: supabase_auth_admin
--

ALTER SEQUENCE auth.refresh_tokens_id_seq OWNED BY auth.refresh_tokens.id;


--
-- Name: saml_providers; Type: TABLE; Schema: auth; Owner: supabase_auth_admin
--

CREATE TABLE auth.saml_providers (
    id uuid NOT NULL,
    sso_provider_id uuid NOT NULL,
    entity_id text NOT NULL,
    metadata_xml text NOT NULL,
    metadata_url text,
    attribute_mapping jsonb,
    created_at timestamp with time zone,
    updated_at timestamp with time zone,
    name_id_format text,
    CONSTRAINT "entity_id not empty" CHECK ((char_length(entity_id) > 0)),
    CONSTRAINT "metadata_url not empty" CHECK (((metadata_url = NULL::text) OR (char_length(metadata_url) > 0))),
    CONSTRAINT "metadata_xml not empty" CHECK ((char_length(metadata_xml) > 0))
);


ALTER TABLE auth.saml_providers OWNER TO supabase_auth_admin;

--
-- Name: TABLE saml_providers; Type: COMMENT; Schema: auth; Owner: supabase_auth_admin
--

COMMENT ON TABLE auth.saml_providers IS 'Auth: Manages SAML Identity Provider connections.';


--
-- Name: saml_relay_states; Type: TABLE; Schema: auth; Owner: supabase_auth_admin
--

CREATE TABLE auth.saml_relay_states (
    id uuid NOT NULL,
    sso_provider_id uuid NOT NULL,
    request_id text NOT NULL,
    for_email text,
    redirect_to text,
    created_at timestamp with time zone,
    updated_at timestamp with time zone,
    flow_state_id uuid,
    CONSTRAINT "request_id not empty" CHECK ((char_length(request_id) > 0))
);


ALTER TABLE auth.saml_relay_states OWNER TO supabase_auth_admin;

--
-- Name: TABLE saml_relay_states; Type: COMMENT; Schema: auth; Owner: supabase_auth_admin
--

COMMENT ON TABLE auth.saml_relay_states IS 'Auth: Contains SAML Relay State information for each Service Provider initiated login.';


--
-- Name: schema_migrations; Type: TABLE; Schema: auth; Owner: supabase_auth_admin
--

CREATE TABLE auth.schema_migrations (
    version character varying(255) NOT NULL
);


ALTER TABLE auth.schema_migrations OWNER TO supabase_auth_admin;

--
-- Name: TABLE schema_migrations; Type: COMMENT; Schema: auth; Owner: supabase_auth_admin
--

COMMENT ON TABLE auth.schema_migrations IS 'Auth: Manages updates to the auth system.';


--
-- Name: sessions; Type: TABLE; Schema: auth; Owner: supabase_auth_admin
--

CREATE TABLE auth.sessions (
    id uuid NOT NULL,
    user_id uuid NOT NULL,
    created_at timestamp with time zone,
    updated_at timestamp with time zone,
    factor_id uuid,
    aal auth.aal_level,
    not_after timestamp with time zone,
    refreshed_at timestamp without time zone,
    user_agent text,
    ip inet,
    tag text
);


ALTER TABLE auth.sessions OWNER TO supabase_auth_admin;

--
-- Name: TABLE sessions; Type: COMMENT; Schema: auth; Owner: supabase_auth_admin
--

COMMENT ON TABLE auth.sessions IS 'Auth: Stores session data associated to a user.';


--
-- Name: COLUMN sessions.not_after; Type: COMMENT; Schema: auth; Owner: supabase_auth_admin
--

COMMENT ON COLUMN auth.sessions.not_after IS 'Auth: Not after is a nullable column that contains a timestamp after which the session should be regarded as expired.';


--
-- Name: sso_domains; Type: TABLE; Schema: auth; Owner: supabase_auth_admin
--

CREATE TABLE auth.sso_domains (
    id uuid NOT NULL,
    sso_provider_id uuid NOT NULL,
    domain text NOT NULL,
    created_at timestamp with time zone,
    updated_at timestamp with time zone,
    CONSTRAINT "domain not empty" CHECK ((char_length(domain) > 0))
);


ALTER TABLE auth.sso_domains OWNER TO supabase_auth_admin;

--
-- Name: TABLE sso_domains; Type: COMMENT; Schema: auth; Owner: supabase_auth_admin
--

COMMENT ON TABLE auth.sso_domains IS 'Auth: Manages SSO email address domain mapping to an SSO Identity Provider.';


--
-- Name: sso_providers; Type: TABLE; Schema: auth; Owner: supabase_auth_admin
--

CREATE TABLE auth.sso_providers (
    id uuid NOT NULL,
    resource_id text,
    created_at timestamp with time zone,
    updated_at timestamp with time zone,
    CONSTRAINT "resource_id not empty" CHECK (((resource_id = NULL::text) OR (char_length(resource_id) > 0)))
);


ALTER TABLE auth.sso_providers OWNER TO supabase_auth_admin;

--
-- Name: TABLE sso_providers; Type: COMMENT; Schema: auth; Owner: supabase_auth_admin
--

COMMENT ON TABLE auth.sso_providers IS 'Auth: Manages SSO identity provider information; see saml_providers for SAML.';


--
-- Name: COLUMN sso_providers.resource_id; Type: COMMENT; Schema: auth; Owner: supabase_auth_admin
--

COMMENT ON COLUMN auth.sso_providers.resource_id IS 'Auth: Uniquely identifies a SSO provider according to a user-chosen resource ID (case insensitive), useful in infrastructure as code.';


--
-- Name: users; Type: TABLE; Schema: auth; Owner: supabase_auth_admin
--

CREATE TABLE auth.users (
    instance_id uuid,
    id uuid NOT NULL,
    aud character varying(255),
    role character varying(255),
    email character varying(255),
    encrypted_password character varying(255),
    email_confirmed_at timestamp with time zone,
    invited_at timestamp with time zone,
    confirmation_token character varying(255),
    confirmation_sent_at timestamp with time zone,
    recovery_token character varying(255),
    recovery_sent_at timestamp with time zone,
    email_change_token_new character varying(255),
    email_change character varying(255),
    email_change_sent_at timestamp with time zone,
    last_sign_in_at timestamp with time zone,
    raw_app_meta_data jsonb,
    raw_user_meta_data jsonb,
    is_super_admin boolean,
    created_at timestamp with time zone,
    updated_at timestamp with time zone,
    phone text DEFAULT NULL::character varying,
    phone_confirmed_at timestamp with time zone,
    phone_change text DEFAULT ''::character varying,
    phone_change_token character varying(255) DEFAULT ''::character varying,
    phone_change_sent_at timestamp with time zone,
    confirmed_at timestamp with time zone GENERATED ALWAYS AS (LEAST(email_confirmed_at, phone_confirmed_at)) STORED,
    email_change_token_current character varying(255) DEFAULT ''::character varying,
    email_change_confirm_status smallint DEFAULT 0,
    banned_until timestamp with time zone,
    reauthentication_token character varying(255) DEFAULT ''::character varying,
    reauthentication_sent_at timestamp with time zone,
    is_sso_user boolean DEFAULT false NOT NULL,
    deleted_at timestamp with time zone,
    is_anonymous boolean DEFAULT false NOT NULL,
    CONSTRAINT users_email_change_confirm_status_check CHECK (((email_change_confirm_status >= 0) AND (email_change_confirm_status <= 2)))
);


ALTER TABLE auth.users OWNER TO supabase_auth_admin;

--
-- Name: TABLE users; Type: COMMENT; Schema: auth; Owner: supabase_auth_admin
--

COMMENT ON TABLE auth.users IS 'Auth: Stores user login data within a secure schema.';


--
-- Name: COLUMN users.is_sso_user; Type: COMMENT; Schema: auth; Owner: supabase_auth_admin
--

COMMENT ON COLUMN auth.users.is_sso_user IS 'Auth: Set this column to true when the account comes from SSO. These accounts can have duplicate emails.';


--
-- Name: bookings; Type: TABLE; Schema: public; Owner: postgres
--

CREATE TABLE public.bookings (
    id bigint NOT NULL,
    created_at timestamp with time zone DEFAULT now() NOT NULL,
    "startDate" timestamp without time zone,
    "endDate" timestamp without time zone,
    "numNights" smallint,
    "numGuests" smallint,
    "cabinPrice" real,
    "extrasPrice" real,
    "totalPrice" real,
    status text,
    "hasBreakfast" boolean,
    "isPaid" boolean,
    observations text,
    "cabinId" bigint,
    "guestId" bigint
);


ALTER TABLE public.bookings OWNER TO postgres;

--
-- Name: bookings_id_seq; Type: SEQUENCE; Schema: public; Owner: postgres
--

ALTER TABLE public.bookings ALTER COLUMN id ADD GENERATED BY DEFAULT AS IDENTITY (
    SEQUENCE NAME public.bookings_id_seq
    START WITH 1
    INCREMENT BY 1
    NO MINVALUE
    NO MAXVALUE
    CACHE 1
);


--
-- Name: cabins; Type: TABLE; Schema: public; Owner: postgres
--

CREATE TABLE public.cabins (
    id bigint NOT NULL,
    created_at timestamp with time zone DEFAULT now() NOT NULL,
    name text,
    "maxCapacity" smallint,
    "regularPrice" smallint,
    discount smallint,
    description text,
    image text
);


ALTER TABLE public.cabins OWNER TO postgres;

--
-- Name: cabins_id_seq; Type: SEQUENCE; Schema: public; Owner: postgres
--

ALTER TABLE public.cabins ALTER COLUMN id ADD GENERATED BY DEFAULT AS IDENTITY (
    SEQUENCE NAME public.cabins_id_seq
    START WITH 1
    INCREMENT BY 1
    NO MINVALUE
    NO MAXVALUE
    CACHE 1
);


--
-- Name: guests; Type: TABLE; Schema: public; Owner: postgres
--

CREATE TABLE public.guests (
    id bigint NOT NULL,
    created_at timestamp with time zone DEFAULT now() NOT NULL,
    "fullName" text,
    email text,
    "nationalID" text,
    nationality text,
    "countryFlag" text
);


ALTER TABLE public.guests OWNER TO postgres;

--
-- Name: guests_id_seq; Type: SEQUENCE; Schema: public; Owner: postgres
--

ALTER TABLE public.guests ALTER COLUMN id ADD GENERATED BY DEFAULT AS IDENTITY (
    SEQUENCE NAME public.guests_id_seq
    START WITH 1
    INCREMENT BY 1
    NO MINVALUE
    NO MAXVALUE
    CACHE 1
);


--
-- Name: settings; Type: TABLE; Schema: public; Owner: postgres
--

CREATE TABLE public.settings (
    id bigint NOT NULL,
    created_at timestamp with time zone DEFAULT now() NOT NULL,
    "minBookingLength" smallint,
    "maxBookingLength" smallint,
    "maxGuestsPerBooking" smallint,
    "breakfastPrice" real
);


ALTER TABLE public.settings OWNER TO postgres;

--
-- Name: settings_id_seq; Type: SEQUENCE; Schema: public; Owner: postgres
--

ALTER TABLE public.settings ALTER COLUMN id ADD GENERATED BY DEFAULT AS IDENTITY (
    SEQUENCE NAME public.settings_id_seq
    START WITH 1
    INCREMENT BY 1
    NO MINVALUE
    NO MAXVALUE
    CACHE 1
);


--
-- Name: messages; Type: TABLE; Schema: realtime; Owner: supabase_realtime_admin
--

CREATE TABLE realtime.messages (
    id bigint NOT NULL,
    topic text NOT NULL,
    extension text NOT NULL,
    inserted_at timestamp(0) without time zone NOT NULL,
    updated_at timestamp(0) without time zone NOT NULL
);


ALTER TABLE realtime.messages OWNER TO supabase_realtime_admin;

--
-- Name: messages_id_seq; Type: SEQUENCE; Schema: realtime; Owner: supabase_realtime_admin
--

CREATE SEQUENCE realtime.messages_id_seq
    START WITH 1
    INCREMENT BY 1
    NO MINVALUE
    NO MAXVALUE
    CACHE 1;


ALTER TABLE realtime.messages_id_seq OWNER TO supabase_realtime_admin;

--
-- Name: messages_id_seq; Type: SEQUENCE OWNED BY; Schema: realtime; Owner: supabase_realtime_admin
--

ALTER SEQUENCE realtime.messages_id_seq OWNED BY realtime.messages.id;


--
-- Name: schema_migrations; Type: TABLE; Schema: realtime; Owner: supabase_admin
--

CREATE TABLE realtime.schema_migrations (
    version bigint NOT NULL,
    inserted_at timestamp(0) without time zone
);


ALTER TABLE realtime.schema_migrations OWNER TO supabase_admin;

--
-- Name: subscription; Type: TABLE; Schema: realtime; Owner: supabase_admin
--

CREATE TABLE realtime.subscription (
    id bigint NOT NULL,
    subscription_id uuid NOT NULL,
    entity regclass NOT NULL,
    filters realtime.user_defined_filter[] DEFAULT '{}'::realtime.user_defined_filter[] NOT NULL,
    claims jsonb NOT NULL,
    claims_role regrole GENERATED ALWAYS AS (realtime.to_regrole((claims ->> 'role'::text))) STORED NOT NULL,
    created_at timestamp without time zone DEFAULT timezone('utc'::text, now()) NOT NULL
);


ALTER TABLE realtime.subscription OWNER TO supabase_admin;

--
-- Name: subscription_id_seq; Type: SEQUENCE; Schema: realtime; Owner: supabase_admin
--

ALTER TABLE realtime.subscription ALTER COLUMN id ADD GENERATED ALWAYS AS IDENTITY (
    SEQUENCE NAME realtime.subscription_id_seq
    START WITH 1
    INCREMENT BY 1
    NO MINVALUE
    NO MAXVALUE
    CACHE 1
);


--
-- Name: buckets; Type: TABLE; Schema: storage; Owner: supabase_storage_admin
--

CREATE TABLE storage.buckets (
    id text NOT NULL,
    name text NOT NULL,
    owner uuid,
    created_at timestamp with time zone DEFAULT now(),
    updated_at timestamp with time zone DEFAULT now(),
    public boolean DEFAULT false,
    avif_autodetection boolean DEFAULT false,
    file_size_limit bigint,
    allowed_mime_types text[],
    owner_id text
);


ALTER TABLE storage.buckets OWNER TO supabase_storage_admin;

--
-- Name: COLUMN buckets.owner; Type: COMMENT; Schema: storage; Owner: supabase_storage_admin
--

COMMENT ON COLUMN storage.buckets.owner IS 'Field is deprecated, use owner_id instead';


--
-- Name: migrations; Type: TABLE; Schema: storage; Owner: supabase_storage_admin
--

CREATE TABLE storage.migrations (
    id integer NOT NULL,
    name character varying(100) NOT NULL,
    hash character varying(40) NOT NULL,
    executed_at timestamp without time zone DEFAULT CURRENT_TIMESTAMP
);


ALTER TABLE storage.migrations OWNER TO supabase_storage_admin;

--
-- Name: objects; Type: TABLE; Schema: storage; Owner: supabase_storage_admin
--

CREATE TABLE storage.objects (
    id uuid DEFAULT gen_random_uuid() NOT NULL,
    bucket_id text,
    name text,
    owner uuid,
    created_at timestamp with time zone DEFAULT now(),
    updated_at timestamp with time zone DEFAULT now(),
    last_accessed_at timestamp with time zone DEFAULT now(),
    metadata jsonb,
    path_tokens text[] GENERATED ALWAYS AS (string_to_array(name, '/'::text)) STORED,
    version text,
    owner_id text,
    user_metadata jsonb
);


ALTER TABLE storage.objects OWNER TO supabase_storage_admin;

--
-- Name: COLUMN objects.owner; Type: COMMENT; Schema: storage; Owner: supabase_storage_admin
--

COMMENT ON COLUMN storage.objects.owner IS 'Field is deprecated, use owner_id instead';


--
-- Name: s3_multipart_uploads; Type: TABLE; Schema: storage; Owner: supabase_storage_admin
--

CREATE TABLE storage.s3_multipart_uploads (
    id text NOT NULL,
    in_progress_size bigint DEFAULT 0 NOT NULL,
    upload_signature text NOT NULL,
    bucket_id text NOT NULL,
    key text NOT NULL COLLATE pg_catalog."C",
    version text NOT NULL,
    owner_id text,
    created_at timestamp with time zone DEFAULT now() NOT NULL,
    user_metadata jsonb
);


ALTER TABLE storage.s3_multipart_uploads OWNER TO supabase_storage_admin;

--
-- Name: s3_multipart_uploads_parts; Type: TABLE; Schema: storage; Owner: supabase_storage_admin
--

CREATE TABLE storage.s3_multipart_uploads_parts (
    id uuid DEFAULT gen_random_uuid() NOT NULL,
    upload_id text NOT NULL,
    size bigint DEFAULT 0 NOT NULL,
    part_number integer NOT NULL,
    bucket_id text NOT NULL,
    key text NOT NULL COLLATE pg_catalog."C",
    etag text NOT NULL,
    owner_id text,
    version text NOT NULL,
    created_at timestamp with time zone DEFAULT now() NOT NULL
);


ALTER TABLE storage.s3_multipart_uploads_parts OWNER TO supabase_storage_admin;

--
-- Name: decrypted_secrets; Type: VIEW; Schema: vault; Owner: supabase_admin
--

CREATE VIEW vault.decrypted_secrets AS
 SELECT secrets.id,
    secrets.name,
    secrets.description,
    secrets.secret,
        CASE
            WHEN (secrets.secret IS NULL) THEN NULL::text
            ELSE
            CASE
                WHEN (secrets.key_id IS NULL) THEN NULL::text
                ELSE convert_from(pgsodium.crypto_aead_det_decrypt(decode(secrets.secret, 'base64'::text), convert_to(((((secrets.id)::text || secrets.description) || (secrets.created_at)::text) || (secrets.updated_at)::text), 'utf8'::name), secrets.key_id, secrets.nonce), 'utf8'::name)
            END
        END AS decrypted_secret,
    secrets.key_id,
    secrets.nonce,
    secrets.created_at,
    secrets.updated_at
   FROM vault.secrets;


ALTER TABLE vault.decrypted_secrets OWNER TO supabase_admin;

--
-- Name: refresh_tokens id; Type: DEFAULT; Schema: auth; Owner: supabase_auth_admin
--

ALTER TABLE ONLY auth.refresh_tokens ALTER COLUMN id SET DEFAULT nextval('auth.refresh_tokens_id_seq'::regclass);


--
-- Name: messages id; Type: DEFAULT; Schema: realtime; Owner: supabase_realtime_admin
--

ALTER TABLE ONLY realtime.messages ALTER COLUMN id SET DEFAULT nextval('realtime.messages_id_seq'::regclass);


--
-- Data for Name: audit_log_entries; Type: TABLE DATA; Schema: auth; Owner: supabase_auth_admin
--

COPY auth.audit_log_entries (instance_id, id, payload, created_at, ip_address) FROM stdin;
00000000-0000-0000-0000-000000000000	0f99e045-a2fb-48bb-ad8b-aca72146e2a3	{"action":"user_signedup","actor_id":"00000000-0000-0000-0000-000000000000","actor_username":"service_role","actor_via_sso":false,"log_type":"team","traits":{"user_email":"test@example.com","user_id":"84685154-6506-4d64-9727-57e9251c06f0","user_phone":""}}	2024-08-17 09:16:02.609396+00	
00000000-0000-0000-0000-000000000000	221cec63-f130-4a68-87be-9f54b4b11b00	{"action":"login","actor_id":"84685154-6506-4d64-9727-57e9251c06f0","actor_username":"test@example.com","actor_via_sso":false,"log_type":"account","traits":{"provider":"email"}}	2024-08-17 09:28:56.344607+00	
00000000-0000-0000-0000-000000000000	09e3a27a-c0cd-473c-b20e-43ccebe4aa9a	{"action":"login","actor_id":"84685154-6506-4d64-9727-57e9251c06f0","actor_username":"test@example.com","actor_via_sso":false,"log_type":"account","traits":{"provider":"email"}}	2024-08-17 09:57:06.327673+00	
00000000-0000-0000-0000-000000000000	abe7c322-4517-4d23-b62d-42f383f1f10b	{"action":"token_refreshed","actor_id":"84685154-6506-4d64-9727-57e9251c06f0","actor_username":"test@example.com","actor_via_sso":false,"log_type":"token"}	2024-08-17 16:28:08.920362+00	
00000000-0000-0000-0000-000000000000	edd45b5b-1d3e-45ad-bc01-b40d48b89cf1	{"action":"token_revoked","actor_id":"84685154-6506-4d64-9727-57e9251c06f0","actor_username":"test@example.com","actor_via_sso":false,"log_type":"token"}	2024-08-17 16:28:08.921245+00	
00000000-0000-0000-0000-000000000000	0d8f8735-b928-46fd-800a-5e2568c3c0bc	{"action":"login","actor_id":"84685154-6506-4d64-9727-57e9251c06f0","actor_username":"test@example.com","actor_via_sso":false,"log_type":"account","traits":{"provider":"email"}}	2024-08-17 17:03:26.845367+00	
00000000-0000-0000-0000-000000000000	9f0b9bff-6d4e-4bec-a2a3-137046706df2	{"action":"login","actor_id":"84685154-6506-4d64-9727-57e9251c06f0","actor_username":"test@example.com","actor_via_sso":false,"log_type":"account","traits":{"provider":"email"}}	2024-08-17 17:11:26.974397+00	
00000000-0000-0000-0000-000000000000	58426018-922c-49a5-8cfb-36bad6dd66d3	{"action":"login","actor_id":"84685154-6506-4d64-9727-57e9251c06f0","actor_username":"test@example.com","actor_via_sso":false,"log_type":"account","traits":{"provider":"email"}}	2024-08-17 17:11:30.731855+00	
00000000-0000-0000-0000-000000000000	53cb0451-c00e-4954-9c4d-5820651908e8	{"action":"login","actor_id":"84685154-6506-4d64-9727-57e9251c06f0","actor_username":"test@example.com","actor_via_sso":false,"log_type":"account","traits":{"provider":"email"}}	2024-08-17 17:23:30.576098+00	
00000000-0000-0000-0000-000000000000	16067981-9945-4527-9625-510e1d3dc9a5	{"action":"login","actor_id":"84685154-6506-4d64-9727-57e9251c06f0","actor_username":"test@example.com","actor_via_sso":false,"log_type":"account","traits":{"provider":"email"}}	2024-08-17 17:23:32.765053+00	
00000000-0000-0000-0000-000000000000	69005094-047d-44da-a6f2-8aefa13eddf0	{"action":"login","actor_id":"84685154-6506-4d64-9727-57e9251c06f0","actor_username":"test@example.com","actor_via_sso":false,"log_type":"account","traits":{"provider":"email"}}	2024-08-17 17:23:34.064116+00	
00000000-0000-0000-0000-000000000000	fe442fea-5784-4b60-a886-a8eb3580b0f0	{"action":"login","actor_id":"84685154-6506-4d64-9727-57e9251c06f0","actor_username":"test@example.com","actor_via_sso":false,"log_type":"account","traits":{"provider":"email"}}	2024-08-17 17:23:37.616987+00	
00000000-0000-0000-0000-000000000000	41f189b0-e316-4969-a3c5-fa7a074413b5	{"action":"login","actor_id":"84685154-6506-4d64-9727-57e9251c06f0","actor_username":"test@example.com","actor_via_sso":false,"log_type":"account","traits":{"provider":"email"}}	2024-08-17 17:23:57.94696+00	
00000000-0000-0000-0000-000000000000	3f5f6848-05cd-4f4e-8804-b456532233c1	{"action":"login","actor_id":"84685154-6506-4d64-9727-57e9251c06f0","actor_username":"test@example.com","actor_via_sso":false,"log_type":"account","traits":{"provider":"email"}}	2024-08-17 17:24:06.972954+00	
00000000-0000-0000-0000-000000000000	e8dc690b-8cac-4755-8027-9cb77dc816da	{"action":"login","actor_id":"84685154-6506-4d64-9727-57e9251c06f0","actor_username":"test@example.com","actor_via_sso":false,"log_type":"account","traits":{"provider":"email"}}	2024-08-17 17:24:18.95214+00	
00000000-0000-0000-0000-000000000000	1bb869c0-2453-49df-8f26-5c4082e14a5a	{"action":"login","actor_id":"84685154-6506-4d64-9727-57e9251c06f0","actor_username":"test@example.com","actor_via_sso":false,"log_type":"account","traits":{"provider":"email"}}	2024-08-17 17:43:29.057553+00	
00000000-0000-0000-0000-000000000000	6379ed92-34af-4b70-aa9a-94c6428302b1	{"action":"logout","actor_id":"84685154-6506-4d64-9727-57e9251c06f0","actor_username":"test@example.com","actor_via_sso":false,"log_type":"account"}	2024-08-17 17:54:43.172168+00	
00000000-0000-0000-0000-000000000000	09f0a5a3-662f-46ae-a421-398fb9a5dd0f	{"action":"login","actor_id":"84685154-6506-4d64-9727-57e9251c06f0","actor_username":"test@example.com","actor_via_sso":false,"log_type":"account","traits":{"provider":"email"}}	2024-08-17 18:00:06.398986+00	
00000000-0000-0000-0000-000000000000	17efd614-1284-4c1d-a49a-b06cba23a11a	{"action":"logout","actor_id":"84685154-6506-4d64-9727-57e9251c06f0","actor_username":"test@example.com","actor_via_sso":false,"log_type":"account"}	2024-08-17 18:00:10.613904+00	
00000000-0000-0000-0000-000000000000	fc414c07-7c64-4bc0-abe8-5f5ef34605af	{"action":"login","actor_id":"84685154-6506-4d64-9727-57e9251c06f0","actor_username":"test@example.com","actor_via_sso":false,"log_type":"account","traits":{"provider":"email"}}	2024-08-17 18:00:13.687299+00	
00000000-0000-0000-0000-000000000000	c01fe3df-4514-4db1-aaec-6e9bb0a11c0f	{"action":"logout","actor_id":"84685154-6506-4d64-9727-57e9251c06f0","actor_username":"test@example.com","actor_via_sso":false,"log_type":"account"}	2024-08-17 18:00:15.904436+00	
00000000-0000-0000-0000-000000000000	985e282e-ba57-47bf-93ce-fdb54d50d259	{"action":"login","actor_id":"84685154-6506-4d64-9727-57e9251c06f0","actor_username":"test@example.com","actor_via_sso":false,"log_type":"account","traits":{"provider":"email"}}	2024-08-18 11:45:10.997725+00	
00000000-0000-0000-0000-000000000000	6a31b0ab-1931-438a-a9bf-6a597b4867bb	{"action":"user_signedup","actor_id":"1cd3a1e6-75ee-4c38-8582-6bd610fe691f","actor_username":"test@test.com","actor_via_sso":false,"log_type":"team","traits":{"provider":"email"}}	2024-08-18 12:20:03.885824+00	
00000000-0000-0000-0000-000000000000	b312788c-8d97-49d0-83af-075985b13086	{"action":"login","actor_id":"1cd3a1e6-75ee-4c38-8582-6bd610fe691f","actor_username":"test@test.com","actor_via_sso":false,"log_type":"account","traits":{"provider":"email"}}	2024-08-18 12:20:03.891787+00	
00000000-0000-0000-0000-000000000000	afc240dd-83da-4879-b49e-86ef4c0ba305	{"action":"logout","actor_id":"1cd3a1e6-75ee-4c38-8582-6bd610fe691f","actor_username":"test@test.com","actor_via_sso":false,"log_type":"account"}	2024-08-18 12:21:40.868146+00	
00000000-0000-0000-0000-000000000000	c5d016b6-8220-4877-9d98-b96a0df0371c	{"action":"login","actor_id":"1cd3a1e6-75ee-4c38-8582-6bd610fe691f","actor_username":"test@test.com","actor_via_sso":false,"log_type":"account","traits":{"provider":"email"}}	2024-08-18 12:21:51.571498+00	
00000000-0000-0000-0000-000000000000	297d1d2a-ff53-40b2-b84d-33fe281a9f26	{"action":"user_confirmation_requested","actor_id":"d1933b3b-f386-4b2c-ac47-bab12705274f","actor_username":"sidehah336@iteradev.com","actor_via_sso":false,"log_type":"user","traits":{"provider":"email"}}	2024-08-18 12:25:38.238331+00	
00000000-0000-0000-0000-000000000000	39bd8884-1f1f-4803-ab21-5ab908552963	{"action":"user_signedup","actor_id":"d1933b3b-f386-4b2c-ac47-bab12705274f","actor_username":"sidehah336@iteradev.com","actor_via_sso":false,"log_type":"team"}	2024-08-18 12:26:08.043141+00	
00000000-0000-0000-0000-000000000000	ba3b5a04-8a16-441c-a85e-a54935829c23	{"action":"logout","actor_id":"d1933b3b-f386-4b2c-ac47-bab12705274f","actor_username":"sidehah336@iteradev.com","actor_via_sso":false,"log_type":"account"}	2024-08-18 12:34:51.678529+00	
00000000-0000-0000-0000-000000000000	929ba21d-422f-49f8-af8d-9a90025e26b6	{"action":"login","actor_id":"84685154-6506-4d64-9727-57e9251c06f0","actor_username":"test@example.com","actor_via_sso":false,"log_type":"account","traits":{"provider":"email"}}	2024-08-18 12:35:22.572287+00	
00000000-0000-0000-0000-000000000000	d8a73e23-30fc-457b-9bb2-6ec42af329b8	{"action":"logout","actor_id":"84685154-6506-4d64-9727-57e9251c06f0","actor_username":"test@example.com","actor_via_sso":false,"log_type":"account"}	2024-08-18 12:36:05.160022+00	
00000000-0000-0000-0000-000000000000	ff50ec5b-97cf-4651-962d-c7f6d3c07267	{"action":"logout","actor_id":"1cd3a1e6-75ee-4c38-8582-6bd610fe691f","actor_username":"test@test.com","actor_via_sso":false,"log_type":"account"}	2024-09-02 08:19:23.404857+00	
00000000-0000-0000-0000-000000000000	1c74f9cc-809a-40ee-8cc9-e43afa6f9401	{"action":"login","actor_id":"84685154-6506-4d64-9727-57e9251c06f0","actor_username":"test@example.com","actor_via_sso":false,"log_type":"account","traits":{"provider":"email"}}	2024-08-18 16:54:20.774881+00	
00000000-0000-0000-0000-000000000000	79f252f5-7ce8-4a19-9abb-98229b3a9a1a	{"action":"logout","actor_id":"84685154-6506-4d64-9727-57e9251c06f0","actor_username":"test@example.com","actor_via_sso":false,"log_type":"account"}	2024-08-18 17:05:08.744394+00	
00000000-0000-0000-0000-000000000000	cd45d0ce-a556-4a78-835f-9092a6bd645c	{"action":"login","actor_id":"1cd3a1e6-75ee-4c38-8582-6bd610fe691f","actor_username":"test@test.com","actor_via_sso":false,"log_type":"account","traits":{"provider":"email"}}	2024-08-18 17:05:22.60905+00	
00000000-0000-0000-0000-000000000000	a8dbd697-f033-4b3c-ad44-ac92f7c4dc7f	{"action":"user_modified","actor_id":"1cd3a1e6-75ee-4c38-8582-6bd610fe691f","actor_username":"test@test.com","actor_via_sso":false,"log_type":"user"}	2024-08-18 17:47:12.300829+00	
00000000-0000-0000-0000-000000000000	9ce606f8-78e4-4a01-a5d9-13a88d8425e1	{"action":"user_modified","actor_id":"1cd3a1e6-75ee-4c38-8582-6bd610fe691f","actor_username":"test@test.com","actor_via_sso":false,"log_type":"user"}	2024-08-18 17:48:00.239535+00	
00000000-0000-0000-0000-000000000000	15200990-e458-4d77-821f-f80c3b88e8c6	{"action":"user_modified","actor_id":"1cd3a1e6-75ee-4c38-8582-6bd610fe691f","actor_username":"test@test.com","actor_via_sso":false,"log_type":"user"}	2024-08-18 17:48:01.519524+00	
00000000-0000-0000-0000-000000000000	50088032-2372-44dd-bec2-d6473ed22e14	{"action":"user_modified","actor_id":"1cd3a1e6-75ee-4c38-8582-6bd610fe691f","actor_username":"test@test.com","actor_via_sso":false,"log_type":"user"}	2024-08-18 17:48:53.389499+00	
00000000-0000-0000-0000-000000000000	14a107b4-cdca-414c-ae00-0bb35fad88c4	{"action":"user_modified","actor_id":"1cd3a1e6-75ee-4c38-8582-6bd610fe691f","actor_username":"test@test.com","actor_via_sso":false,"log_type":"user"}	2024-08-18 17:48:54.420354+00	
00000000-0000-0000-0000-000000000000	fdc4f7ea-21bf-4dc8-a649-3ab4bc2c2f79	{"action":"user_modified","actor_id":"1cd3a1e6-75ee-4c38-8582-6bd610fe691f","actor_username":"test@test.com","actor_via_sso":false,"log_type":"user"}	2024-08-18 17:55:48.018375+00	
00000000-0000-0000-0000-000000000000	ad90c950-7194-449d-9f9b-0315b56bdf93	{"action":"user_modified","actor_id":"1cd3a1e6-75ee-4c38-8582-6bd610fe691f","actor_username":"test@test.com","actor_via_sso":false,"log_type":"user"}	2024-08-18 17:55:49.079882+00	
00000000-0000-0000-0000-000000000000	e11bcc69-92ad-4464-8292-d5fff224aa1d	{"action":"user_modified","actor_id":"1cd3a1e6-75ee-4c38-8582-6bd610fe691f","actor_username":"test@test.com","actor_via_sso":false,"log_type":"user"}	2024-08-18 17:57:37.740294+00	
00000000-0000-0000-0000-000000000000	7a1ff794-f0bb-4502-ac63-d86e4cccdf4f	{"action":"user_modified","actor_id":"1cd3a1e6-75ee-4c38-8582-6bd610fe691f","actor_username":"test@test.com","actor_via_sso":false,"log_type":"user"}	2024-08-18 17:57:39.083058+00	
00000000-0000-0000-0000-000000000000	e38d945e-2141-4af8-9a28-749b0a2976a0	{"action":"user_modified","actor_id":"1cd3a1e6-75ee-4c38-8582-6bd610fe691f","actor_username":"test@test.com","actor_via_sso":false,"log_type":"user"}	2024-08-18 17:57:57.652922+00	
00000000-0000-0000-0000-000000000000	893a459a-64e1-46af-ac5c-b31d61e18db6	{"action":"user_modified","actor_id":"1cd3a1e6-75ee-4c38-8582-6bd610fe691f","actor_username":"test@test.com","actor_via_sso":false,"log_type":"user"}	2024-08-18 17:57:58.837689+00	
00000000-0000-0000-0000-000000000000	42d7d5c7-e63b-46fc-8cea-9ed272b660e7	{"action":"user_modified","actor_id":"1cd3a1e6-75ee-4c38-8582-6bd610fe691f","actor_username":"test@test.com","actor_via_sso":false,"log_type":"user"}	2024-08-18 17:58:05.100959+00	
00000000-0000-0000-0000-000000000000	a6b7a9e1-176e-48a2-99d0-2a3a076c2e66	{"action":"user_modified","actor_id":"1cd3a1e6-75ee-4c38-8582-6bd610fe691f","actor_username":"test@test.com","actor_via_sso":false,"log_type":"user"}	2024-08-18 17:58:06.304819+00	
00000000-0000-0000-0000-000000000000	90fea8dd-a776-49bb-8a4c-b6f3ad5429c3	{"action":"user_updated_password","actor_id":"1cd3a1e6-75ee-4c38-8582-6bd610fe691f","actor_username":"test@test.com","actor_via_sso":false,"log_type":"user"}	2024-08-18 18:02:03.592413+00	
00000000-0000-0000-0000-000000000000	200cbe7d-089d-4593-aaed-eee4ba177706	{"action":"user_modified","actor_id":"1cd3a1e6-75ee-4c38-8582-6bd610fe691f","actor_username":"test@test.com","actor_via_sso":false,"log_type":"user"}	2024-08-18 18:02:03.593747+00	
00000000-0000-0000-0000-000000000000	e484b7c3-09c9-4cfa-856d-85ed7d0ceed1	{"action":"logout","actor_id":"1cd3a1e6-75ee-4c38-8582-6bd610fe691f","actor_username":"test@test.com","actor_via_sso":false,"log_type":"account"}	2024-08-18 18:02:05.502648+00	
00000000-0000-0000-0000-000000000000	ba3e7a28-106c-4102-916f-3f238f9d4708	{"action":"login","actor_id":"1cd3a1e6-75ee-4c38-8582-6bd610fe691f","actor_username":"test@test.com","actor_via_sso":false,"log_type":"account","traits":{"provider":"email"}}	2024-08-18 18:02:12.45736+00	
00000000-0000-0000-0000-000000000000	51a5fd79-2c8b-4cc6-8e43-7b8ca57ec20e	{"action":"token_refreshed","actor_id":"1cd3a1e6-75ee-4c38-8582-6bd610fe691f","actor_username":"test@test.com","actor_via_sso":false,"log_type":"token"}	2024-08-19 03:43:58.655758+00	
00000000-0000-0000-0000-000000000000	92f2636a-50fb-4d66-ba53-7073f93bd00e	{"action":"token_revoked","actor_id":"1cd3a1e6-75ee-4c38-8582-6bd610fe691f","actor_username":"test@test.com","actor_via_sso":false,"log_type":"token"}	2024-08-19 03:43:58.657946+00	
00000000-0000-0000-0000-000000000000	4414ccce-2d0b-4853-8f99-366145320d86	{"action":"user_modified","actor_id":"1cd3a1e6-75ee-4c38-8582-6bd610fe691f","actor_username":"test@test.com","actor_via_sso":false,"log_type":"user"}	2024-08-19 03:48:53.69654+00	
00000000-0000-0000-0000-000000000000	ec5c7ac3-dc64-4f19-b3f0-a46009dc1c66	{"action":"user_modified","actor_id":"1cd3a1e6-75ee-4c38-8582-6bd610fe691f","actor_username":"test@test.com","actor_via_sso":false,"log_type":"user"}	2024-08-19 03:48:54.678062+00	
00000000-0000-0000-0000-000000000000	f2da6ac3-2a5a-4955-ba28-eaadff0cda18	{"action":"login","actor_id":"1cd3a1e6-75ee-4c38-8582-6bd610fe691f","actor_username":"test@test.com","actor_via_sso":false,"log_type":"account","traits":{"provider":"email"}}	2024-08-19 03:50:50.85909+00	
00000000-0000-0000-0000-000000000000	1d53139e-5af5-4dda-91d8-5fe00ad04cfc	{"action":"user_modified","actor_id":"1cd3a1e6-75ee-4c38-8582-6bd610fe691f","actor_username":"test@test.com","actor_via_sso":false,"log_type":"user"}	2024-08-19 03:51:04.771415+00	
00000000-0000-0000-0000-000000000000	cf9425a1-7ff5-4a8c-837c-395f8b01287b	{"action":"user_modified","actor_id":"1cd3a1e6-75ee-4c38-8582-6bd610fe691f","actor_username":"test@test.com","actor_via_sso":false,"log_type":"user"}	2024-08-19 03:51:05.744121+00	
00000000-0000-0000-0000-000000000000	23aab41f-31f2-4cdc-b492-4a4012aeb64d	{"action":"token_refreshed","actor_id":"1cd3a1e6-75ee-4c38-8582-6bd610fe691f","actor_username":"test@test.com","actor_via_sso":false,"log_type":"token"}	2024-08-19 04:55:31.239331+00	
00000000-0000-0000-0000-000000000000	dd6c0099-7894-49fb-9b25-d48ffc185f32	{"action":"token_revoked","actor_id":"1cd3a1e6-75ee-4c38-8582-6bd610fe691f","actor_username":"test@test.com","actor_via_sso":false,"log_type":"token"}	2024-08-19 04:55:31.242245+00	
00000000-0000-0000-0000-000000000000	a5446497-f48f-4c49-9001-6689f8bbbb8d	{"action":"token_refreshed","actor_id":"1cd3a1e6-75ee-4c38-8582-6bd610fe691f","actor_username":"test@test.com","actor_via_sso":false,"log_type":"token"}	2024-08-19 14:07:52.480968+00	
00000000-0000-0000-0000-000000000000	f0943be5-cace-4fa0-80a7-29595350c917	{"action":"token_revoked","actor_id":"1cd3a1e6-75ee-4c38-8582-6bd610fe691f","actor_username":"test@test.com","actor_via_sso":false,"log_type":"token"}	2024-08-19 14:07:52.484711+00	
00000000-0000-0000-0000-000000000000	04cc544f-ad48-436f-adba-ed5adbb396d6	{"action":"token_refreshed","actor_id":"1cd3a1e6-75ee-4c38-8582-6bd610fe691f","actor_username":"test@test.com","actor_via_sso":false,"log_type":"token"}	2024-08-19 16:30:54.573058+00	
00000000-0000-0000-0000-000000000000	9fd904af-61f5-483d-91b4-e43f8802f0e5	{"action":"token_revoked","actor_id":"1cd3a1e6-75ee-4c38-8582-6bd610fe691f","actor_username":"test@test.com","actor_via_sso":false,"log_type":"token"}	2024-08-19 16:30:54.574905+00	
00000000-0000-0000-0000-000000000000	39e99830-08e4-4680-aad8-2ab43b514837	{"action":"token_refreshed","actor_id":"1cd3a1e6-75ee-4c38-8582-6bd610fe691f","actor_username":"test@test.com","actor_via_sso":false,"log_type":"token"}	2024-08-19 17:30:53.633831+00	
00000000-0000-0000-0000-000000000000	f0b7594f-eb1f-4179-9fb3-d5e5316e2335	{"action":"token_revoked","actor_id":"1cd3a1e6-75ee-4c38-8582-6bd610fe691f","actor_username":"test@test.com","actor_via_sso":false,"log_type":"token"}	2024-08-19 17:30:53.636356+00	
00000000-0000-0000-0000-000000000000	81d6c489-54c2-472f-9c67-d892983415b7	{"action":"token_refreshed","actor_id":"1cd3a1e6-75ee-4c38-8582-6bd610fe691f","actor_username":"test@test.com","actor_via_sso":false,"log_type":"token"}	2024-08-20 10:26:56.813748+00	
00000000-0000-0000-0000-000000000000	becdbe2a-1e51-43b1-a224-33d20b79ed03	{"action":"token_revoked","actor_id":"1cd3a1e6-75ee-4c38-8582-6bd610fe691f","actor_username":"test@test.com","actor_via_sso":false,"log_type":"token"}	2024-08-20 10:26:56.819244+00	
00000000-0000-0000-0000-000000000000	df3385d2-fc70-408c-bcf1-fa6817c2405a	{"action":"token_refreshed","actor_id":"1cd3a1e6-75ee-4c38-8582-6bd610fe691f","actor_username":"test@test.com","actor_via_sso":false,"log_type":"token"}	2024-08-20 11:26:33.654632+00	
00000000-0000-0000-0000-000000000000	4485e23f-867c-4370-ba94-fe199001971d	{"action":"token_revoked","actor_id":"1cd3a1e6-75ee-4c38-8582-6bd610fe691f","actor_username":"test@test.com","actor_via_sso":false,"log_type":"token"}	2024-08-20 11:26:33.655656+00	
00000000-0000-0000-0000-000000000000	49facba8-4cb8-44c9-8544-69855af1b960	{"action":"token_refreshed","actor_id":"1cd3a1e6-75ee-4c38-8582-6bd610fe691f","actor_username":"test@test.com","actor_via_sso":false,"log_type":"token"}	2024-08-20 12:33:53.077445+00	
00000000-0000-0000-0000-000000000000	45ac8b62-b3e2-40f6-aa3d-953485500d48	{"action":"token_revoked","actor_id":"1cd3a1e6-75ee-4c38-8582-6bd610fe691f","actor_username":"test@test.com","actor_via_sso":false,"log_type":"token"}	2024-08-20 12:33:53.07846+00	
00000000-0000-0000-0000-000000000000	132314eb-0b7b-4f11-841a-ef263a5c6a7c	{"action":"login","actor_id":"1cd3a1e6-75ee-4c38-8582-6bd610fe691f","actor_username":"test@test.com","actor_via_sso":false,"log_type":"account","traits":{"provider":"email"}}	2024-08-20 12:41:42.308174+00	
00000000-0000-0000-0000-000000000000	087162ae-e909-43c9-bd09-6b5e6abf2fb2	{"action":"logout","actor_id":"1cd3a1e6-75ee-4c38-8582-6bd610fe691f","actor_username":"test@test.com","actor_via_sso":false,"log_type":"account"}	2024-08-20 12:42:01.450517+00	
00000000-0000-0000-0000-000000000000	de059032-5ec4-4fba-a7dc-b78f309aab56	{"action":"login","actor_id":"1cd3a1e6-75ee-4c38-8582-6bd610fe691f","actor_username":"test@test.com","actor_via_sso":false,"log_type":"account","traits":{"provider":"email"}}	2024-08-20 12:45:50.584814+00	
00000000-0000-0000-0000-000000000000	ebec7414-34c9-4672-9aad-8bddd0385719	{"action":"login","actor_id":"1cd3a1e6-75ee-4c38-8582-6bd610fe691f","actor_username":"test@test.com","actor_via_sso":false,"log_type":"account","traits":{"provider":"email"}}	2024-08-20 12:54:52.255102+00	
00000000-0000-0000-0000-000000000000	eb147afe-2621-4e70-acdb-055e21cda860	{"action":"login","actor_id":"1cd3a1e6-75ee-4c38-8582-6bd610fe691f","actor_username":"test@test.com","actor_via_sso":false,"log_type":"account","traits":{"provider":"email"}}	2024-08-20 12:58:48.888121+00	
00000000-0000-0000-0000-000000000000	36b4f226-e1c8-48cf-9853-978722090921	{"action":"logout","actor_id":"1cd3a1e6-75ee-4c38-8582-6bd610fe691f","actor_username":"test@test.com","actor_via_sso":false,"log_type":"account"}	2024-08-20 12:59:10.158702+00	
00000000-0000-0000-0000-000000000000	36e94b65-62fe-415d-82cf-fc9769fad17a	{"action":"login","actor_id":"1cd3a1e6-75ee-4c38-8582-6bd610fe691f","actor_username":"test@test.com","actor_via_sso":false,"log_type":"account","traits":{"provider":"email"}}	2024-08-20 12:59:43.861752+00	
00000000-0000-0000-0000-000000000000	2686684b-337d-4254-9c9a-bbee9bc2a84b	{"action":"user_modified","actor_id":"1cd3a1e6-75ee-4c38-8582-6bd610fe691f","actor_username":"test@test.com","actor_via_sso":false,"log_type":"user"}	2024-08-20 13:00:07.144647+00	
00000000-0000-0000-0000-000000000000	7934e040-1001-4454-84a3-9bb011b65f6e	{"action":"logout","actor_id":"1cd3a1e6-75ee-4c38-8582-6bd610fe691f","actor_username":"test@test.com","actor_via_sso":false,"log_type":"account"}	2024-08-20 13:06:12.448853+00	
00000000-0000-0000-0000-000000000000	0cf26e2c-5321-47e7-a5cb-f396d74fa078	{"action":"login","actor_id":"1cd3a1e6-75ee-4c38-8582-6bd610fe691f","actor_username":"test@test.com","actor_via_sso":false,"log_type":"account","traits":{"provider":"email"}}	2024-08-20 13:40:50.580041+00	
00000000-0000-0000-0000-000000000000	a1ed6279-cb2b-4108-aeb7-02cf16abee97	{"action":"logout","actor_id":"1cd3a1e6-75ee-4c38-8582-6bd610fe691f","actor_username":"test@test.com","actor_via_sso":false,"log_type":"account"}	2024-08-20 13:40:54.274521+00	
00000000-0000-0000-0000-000000000000	162e9430-ab01-4ace-8335-c6a3df1d2fdb	{"action":"login","actor_id":"1cd3a1e6-75ee-4c38-8582-6bd610fe691f","actor_username":"test@test.com","actor_via_sso":false,"log_type":"account","traits":{"provider":"email"}}	2024-08-20 18:01:49.769616+00	
00000000-0000-0000-0000-000000000000	408cd2ea-7fde-49f3-895f-1499796708da	{"action":"logout","actor_id":"1cd3a1e6-75ee-4c38-8582-6bd610fe691f","actor_username":"test@test.com","actor_via_sso":false,"log_type":"account"}	2024-08-20 18:03:00.011227+00	
00000000-0000-0000-0000-000000000000	2d689074-67b3-4bff-b987-d8310f0b829b	{"action":"login","actor_id":"1cd3a1e6-75ee-4c38-8582-6bd610fe691f","actor_username":"test@test.com","actor_via_sso":false,"log_type":"account","traits":{"provider":"email"}}	2024-08-21 04:30:38.61732+00	
00000000-0000-0000-0000-000000000000	3671d7bd-edf8-440e-8cc4-3348a7725c21	{"action":"logout","actor_id":"1cd3a1e6-75ee-4c38-8582-6bd610fe691f","actor_username":"test@test.com","actor_via_sso":false,"log_type":"account"}	2024-08-21 04:31:25.358382+00	
00000000-0000-0000-0000-000000000000	776a9564-efa1-49ec-ac2c-1bfe74bbc810	{"action":"login","actor_id":"1cd3a1e6-75ee-4c38-8582-6bd610fe691f","actor_username":"test@test.com","actor_via_sso":false,"log_type":"account","traits":{"provider":"email"}}	2024-08-25 11:36:11.122719+00	
00000000-0000-0000-0000-000000000000	1c4b14ba-9687-4c9a-b7ac-c972f919733a	{"action":"logout","actor_id":"1cd3a1e6-75ee-4c38-8582-6bd610fe691f","actor_username":"test@test.com","actor_via_sso":false,"log_type":"account"}	2024-08-25 11:41:03.388746+00	
00000000-0000-0000-0000-000000000000	89fb737e-9fbd-412c-a33c-51d8ada778d3	{"action":"login","actor_id":"1cd3a1e6-75ee-4c38-8582-6bd610fe691f","actor_username":"test@test.com","actor_via_sso":false,"log_type":"account","traits":{"provider":"email"}}	2024-08-25 14:24:43.759781+00	
00000000-0000-0000-0000-000000000000	4550d8c6-66ef-4b1f-b496-23812209bc6c	{"action":"logout","actor_id":"1cd3a1e6-75ee-4c38-8582-6bd610fe691f","actor_username":"test@test.com","actor_via_sso":false,"log_type":"account"}	2024-08-25 14:25:27.942985+00	
00000000-0000-0000-0000-000000000000	1bf4cdb8-7fdc-471b-a0f6-e87ceddc2de7	{"action":"login","actor_id":"1cd3a1e6-75ee-4c38-8582-6bd610fe691f","actor_username":"test@test.com","actor_via_sso":false,"log_type":"account","traits":{"provider":"email"}}	2024-08-25 14:26:07.816657+00	
00000000-0000-0000-0000-000000000000	86a8c16a-ae5f-4505-ac4a-88c7ffad9d67	{"action":"logout","actor_id":"1cd3a1e6-75ee-4c38-8582-6bd610fe691f","actor_username":"test@test.com","actor_via_sso":false,"log_type":"account"}	2024-08-25 14:26:20.953845+00	
00000000-0000-0000-0000-000000000000	01dd2b03-21d6-44fc-96d9-4ecaae1d0f63	{"action":"login","actor_id":"1cd3a1e6-75ee-4c38-8582-6bd610fe691f","actor_username":"test@test.com","actor_via_sso":false,"log_type":"account","traits":{"provider":"email"}}	2024-08-29 13:25:31.754096+00	
00000000-0000-0000-0000-000000000000	7517b406-2060-4610-a32c-e97ce5d3a949	{"action":"logout","actor_id":"1cd3a1e6-75ee-4c38-8582-6bd610fe691f","actor_username":"test@test.com","actor_via_sso":false,"log_type":"account"}	2024-08-29 13:26:45.331323+00	
00000000-0000-0000-0000-000000000000	3a7adb1d-67d6-4317-ad4d-c94c10c891cb	{"action":"login","actor_id":"1cd3a1e6-75ee-4c38-8582-6bd610fe691f","actor_username":"test@test.com","actor_via_sso":false,"log_type":"account","traits":{"provider":"email"}}	2024-09-01 12:58:07.511408+00	
00000000-0000-0000-0000-000000000000	0e210cbb-f7a4-4288-8e9d-4fc3bb9f27cc	{"action":"logout","actor_id":"1cd3a1e6-75ee-4c38-8582-6bd610fe691f","actor_username":"test@test.com","actor_via_sso":false,"log_type":"account"}	2024-09-01 12:58:21.121432+00	
00000000-0000-0000-0000-000000000000	880ab775-aa40-4ffe-a996-e96ae515462a	{"action":"login","actor_id":"1cd3a1e6-75ee-4c38-8582-6bd610fe691f","actor_username":"test@test.com","actor_via_sso":false,"log_type":"account","traits":{"provider":"email"}}	2024-09-02 08:13:16.062415+00	
00000000-0000-0000-0000-000000000000	7e7f40cd-81c7-478f-aa61-17f56795a25c	{"action":"login","actor_id":"1cd3a1e6-75ee-4c38-8582-6bd610fe691f","actor_username":"test@test.com","actor_via_sso":false,"log_type":"account","traits":{"provider":"email"}}	2024-09-02 11:49:27.162263+00	
00000000-0000-0000-0000-000000000000	d8367c0e-27fe-4637-9b13-15574298f7d5	{"action":"token_refreshed","actor_id":"1cd3a1e6-75ee-4c38-8582-6bd610fe691f","actor_username":"test@test.com","actor_via_sso":false,"log_type":"token"}	2024-09-08 11:48:38.739692+00	
00000000-0000-0000-0000-000000000000	c291f38d-f509-4368-b308-3a0a4f653d46	{"action":"token_revoked","actor_id":"1cd3a1e6-75ee-4c38-8582-6bd610fe691f","actor_username":"test@test.com","actor_via_sso":false,"log_type":"token"}	2024-09-08 11:48:38.748668+00	
00000000-0000-0000-0000-000000000000	f4cfb2df-5fd3-4b7f-819c-999d009295f7	{"action":"logout","actor_id":"1cd3a1e6-75ee-4c38-8582-6bd610fe691f","actor_username":"test@test.com","actor_via_sso":false,"log_type":"account"}	2024-09-08 11:51:32.85501+00	
00000000-0000-0000-0000-000000000000	70fd9800-63e7-41e5-82e2-8ff4c87b952b	{"action":"login","actor_id":"1cd3a1e6-75ee-4c38-8582-6bd610fe691f","actor_username":"test@test.com","actor_via_sso":false,"log_type":"account","traits":{"provider":"email"}}	2024-09-08 11:51:41.719698+00	
00000000-0000-0000-0000-000000000000	d80046c6-7062-4c24-9537-1c5fc7814a1e	{"action":"login","actor_id":"1cd3a1e6-75ee-4c38-8582-6bd610fe691f","actor_username":"test@test.com","actor_via_sso":false,"log_type":"account","traits":{"provider":"email"}}	2024-09-08 11:56:30.90203+00	
00000000-0000-0000-0000-000000000000	19868371-fc8c-4a0f-823b-19f1accb8c76	{"action":"logout","actor_id":"1cd3a1e6-75ee-4c38-8582-6bd610fe691f","actor_username":"test@test.com","actor_via_sso":false,"log_type":"account"}	2024-09-08 11:58:23.539518+00	
00000000-0000-0000-0000-000000000000	80c435d4-c97a-4bbf-9b91-5e4732f0440d	{"action":"login","actor_id":"1cd3a1e6-75ee-4c38-8582-6bd610fe691f","actor_username":"test@test.com","actor_via_sso":false,"log_type":"account","traits":{"provider":"email"}}	2024-09-08 11:58:54.541465+00	
00000000-0000-0000-0000-000000000000	1335ba28-ba57-4f99-9044-7446078c965e	{"action":"login","actor_id":"1cd3a1e6-75ee-4c38-8582-6bd610fe691f","actor_username":"test@test.com","actor_via_sso":false,"log_type":"account","traits":{"provider":"email"}}	2024-09-08 11:59:46.552337+00	
00000000-0000-0000-0000-000000000000	88e46494-0e42-40f8-a78b-83e707895639	{"action":"logout","actor_id":"1cd3a1e6-75ee-4c38-8582-6bd610fe691f","actor_username":"test@test.com","actor_via_sso":false,"log_type":"account"}	2024-09-08 11:59:51.594395+00	
00000000-0000-0000-0000-000000000000	31d6f1dd-2a72-49f9-9e69-e3b5b0e66113	{"action":"login","actor_id":"1cd3a1e6-75ee-4c38-8582-6bd610fe691f","actor_username":"test@test.com","actor_via_sso":false,"log_type":"account","traits":{"provider":"email"}}	2024-09-08 12:00:07.049424+00	
00000000-0000-0000-0000-000000000000	d4bccc31-db24-445b-b7df-3e766984a3d1	{"action":"logout","actor_id":"1cd3a1e6-75ee-4c38-8582-6bd610fe691f","actor_username":"test@test.com","actor_via_sso":false,"log_type":"account"}	2024-09-08 12:00:17.276638+00	
00000000-0000-0000-0000-000000000000	c71ed6e6-d938-4c7e-8003-12c5a3951de4	{"action":"login","actor_id":"1cd3a1e6-75ee-4c38-8582-6bd610fe691f","actor_username":"test@test.com","actor_via_sso":false,"log_type":"account","traits":{"provider":"email"}}	2024-09-08 12:01:30.230749+00	
00000000-0000-0000-0000-000000000000	cdbb05b0-9a23-4b5a-a3a4-eeb5bff91652	{"action":"logout","actor_id":"1cd3a1e6-75ee-4c38-8582-6bd610fe691f","actor_username":"test@test.com","actor_via_sso":false,"log_type":"account"}	2024-09-08 12:01:33.071018+00	
00000000-0000-0000-0000-000000000000	4ac52d85-6fe1-4b60-b465-eab3d139ed23	{"action":"login","actor_id":"1cd3a1e6-75ee-4c38-8582-6bd610fe691f","actor_username":"test@test.com","actor_via_sso":false,"log_type":"account","traits":{"provider":"email"}}	2024-09-15 10:23:59.488421+00	
00000000-0000-0000-0000-000000000000	a9f11158-cd5c-4f5d-a8e9-cd490d6ac2cf	{"action":"logout","actor_id":"1cd3a1e6-75ee-4c38-8582-6bd610fe691f","actor_username":"test@test.com","actor_via_sso":false,"log_type":"account"}	2024-09-15 10:24:10.479778+00	
00000000-0000-0000-0000-000000000000	65de660c-c8d0-44d5-b079-69e46267d901	{"action":"login","actor_id":"1cd3a1e6-75ee-4c38-8582-6bd610fe691f","actor_username":"test@test.com","actor_via_sso":false,"log_type":"account","traits":{"provider":"email"}}	2024-09-15 14:22:30.343138+00	
00000000-0000-0000-0000-000000000000	fb2cc61f-cee1-491d-b935-a5d843e7e8da	{"action":"login","actor_id":"1cd3a1e6-75ee-4c38-8582-6bd610fe691f","actor_username":"test@test.com","actor_via_sso":false,"log_type":"account","traits":{"provider":"email"}}	2024-09-15 14:24:04.385509+00	
00000000-0000-0000-0000-000000000000	a2174032-13ce-4ffb-b289-9eadd69d0971	{"action":"logout","actor_id":"1cd3a1e6-75ee-4c38-8582-6bd610fe691f","actor_username":"test@test.com","actor_via_sso":false,"log_type":"account"}	2024-09-15 14:25:11.014309+00	
00000000-0000-0000-0000-000000000000	c1bfbb56-b680-41e1-a5c2-e0efe0900dbe	{"action":"login","actor_id":"1cd3a1e6-75ee-4c38-8582-6bd610fe691f","actor_username":"test@test.com","actor_via_sso":false,"log_type":"account","traits":{"provider":"email"}}	2024-09-16 07:12:09.70224+00	
00000000-0000-0000-0000-000000000000	b7048852-15cb-4b08-9956-f01a10a27eb0	{"action":"logout","actor_id":"1cd3a1e6-75ee-4c38-8582-6bd610fe691f","actor_username":"test@test.com","actor_via_sso":false,"log_type":"account"}	2024-09-16 07:15:43.521374+00	
00000000-0000-0000-0000-000000000000	ca5c9ed7-f656-4e41-acb5-b734ea9500f4	{"action":"login","actor_id":"1cd3a1e6-75ee-4c38-8582-6bd610fe691f","actor_username":"test@test.com","actor_via_sso":false,"log_type":"account","traits":{"provider":"email"}}	2024-09-16 07:16:40.894562+00	
00000000-0000-0000-0000-000000000000	358d0902-e890-4457-87f8-4ed5b806cf81	{"action":"logout","actor_id":"1cd3a1e6-75ee-4c38-8582-6bd610fe691f","actor_username":"test@test.com","actor_via_sso":false,"log_type":"account"}	2024-09-16 07:22:03.880893+00	
00000000-0000-0000-0000-000000000000	46b0eeaf-098c-4ba4-912d-193829de83b9	{"action":"login","actor_id":"1cd3a1e6-75ee-4c38-8582-6bd610fe691f","actor_username":"test@test.com","actor_via_sso":false,"log_type":"account","traits":{"provider":"email"}}	2024-09-18 05:09:39.226082+00	
00000000-0000-0000-0000-000000000000	0e444a81-8d88-4012-bc50-b8875d86a33f	{"action":"logout","actor_id":"1cd3a1e6-75ee-4c38-8582-6bd610fe691f","actor_username":"test@test.com","actor_via_sso":false,"log_type":"account"}	2024-09-18 05:27:26.12326+00	
00000000-0000-0000-0000-000000000000	c41b8678-4ed5-420a-b255-36a8b5b20a3b	{"action":"login","actor_id":"1cd3a1e6-75ee-4c38-8582-6bd610fe691f","actor_username":"test@test.com","actor_via_sso":false,"log_type":"account","traits":{"provider":"email"}}	2024-09-18 05:28:12.280425+00	
00000000-0000-0000-0000-000000000000	6495d1b6-3073-47ad-ae02-659c0f514a70	{"action":"user_confirmation_requested","actor_id":"6af101d2-3770-41b8-abf6-c02f31fbfb24","actor_username":"abc@gmail.com","actor_via_sso":false,"log_type":"user","traits":{"provider":"email"}}	2024-09-18 05:28:38.686049+00	
00000000-0000-0000-0000-000000000000	c68bea55-f9dd-49f4-aba5-a49729b21b21	{"action":"logout","actor_id":"1cd3a1e6-75ee-4c38-8582-6bd610fe691f","actor_username":"test@test.com","actor_via_sso":false,"log_type":"account"}	2024-09-18 05:28:56.41039+00	
00000000-0000-0000-0000-000000000000	c769047b-d48a-4683-8831-ac82108f7302	{"action":"login","actor_id":"1cd3a1e6-75ee-4c38-8582-6bd610fe691f","actor_username":"test@test.com","actor_via_sso":false,"log_type":"account","traits":{"provider":"email"}}	2024-09-18 05:29:17.622217+00	
00000000-0000-0000-0000-000000000000	880ee3fb-8c30-48b7-9661-5457105418a9	{"action":"login","actor_id":"1cd3a1e6-75ee-4c38-8582-6bd610fe691f","actor_username":"test@test.com","actor_via_sso":false,"log_type":"account","traits":{"provider":"email"}}	2024-09-18 05:45:14.026432+00	
00000000-0000-0000-0000-000000000000	708713df-a347-448d-a6bd-f8d54e862f15	{"action":"logout","actor_id":"1cd3a1e6-75ee-4c38-8582-6bd610fe691f","actor_username":"test@test.com","actor_via_sso":false,"log_type":"account"}	2024-09-18 05:45:32.911636+00	
00000000-0000-0000-0000-000000000000	bd8c1c29-7363-44d6-bd0a-cc3e8d1fa157	{"action":"login","actor_id":"1cd3a1e6-75ee-4c38-8582-6bd610fe691f","actor_username":"test@test.com","actor_via_sso":false,"log_type":"account","traits":{"provider":"email"}}	2024-09-18 11:11:44.881491+00	
00000000-0000-0000-0000-000000000000	028942a8-1ffc-4ef0-83d0-8a30aa514a80	{"action":"login","actor_id":"1cd3a1e6-75ee-4c38-8582-6bd610fe691f","actor_username":"test@test.com","actor_via_sso":false,"log_type":"account","traits":{"provider":"email"}}	2024-09-18 11:12:38.948273+00	
00000000-0000-0000-0000-000000000000	926919cb-f1c4-4daa-af10-d90795b82f3d	{"action":"logout","actor_id":"1cd3a1e6-75ee-4c38-8582-6bd610fe691f","actor_username":"test@test.com","actor_via_sso":false,"log_type":"account"}	2024-09-18 11:12:41.431723+00	
00000000-0000-0000-0000-000000000000	d6c9cdbc-084f-4964-ad19-67530d0dd487	{"action":"login","actor_id":"1cd3a1e6-75ee-4c38-8582-6bd610fe691f","actor_username":"test@test.com","actor_via_sso":false,"log_type":"account","traits":{"provider":"email"}}	2024-09-18 11:13:31.796522+00	
00000000-0000-0000-0000-000000000000	8e27fd1c-5dcb-4fe7-8754-38dfaab8e1df	{"action":"logout","actor_id":"1cd3a1e6-75ee-4c38-8582-6bd610fe691f","actor_username":"test@test.com","actor_via_sso":false,"log_type":"account"}	2024-09-18 11:13:51.77889+00	
00000000-0000-0000-0000-000000000000	7e656cae-cbc5-48bb-b199-b9d322b568ba	{"action":"login","actor_id":"1cd3a1e6-75ee-4c38-8582-6bd610fe691f","actor_username":"test@test.com","actor_via_sso":false,"log_type":"account","traits":{"provider":"email"}}	2024-09-18 11:14:04.89367+00	
00000000-0000-0000-0000-000000000000	107572d1-991e-4a2b-8497-67200cbd6f4c	{"action":"logout","actor_id":"1cd3a1e6-75ee-4c38-8582-6bd610fe691f","actor_username":"test@test.com","actor_via_sso":false,"log_type":"account"}	2024-09-18 11:30:04.396957+00	
00000000-0000-0000-0000-000000000000	9fd97d4c-10f6-49c8-80ff-bca4d7d0cfe3	{"action":"login","actor_id":"1cd3a1e6-75ee-4c38-8582-6bd610fe691f","actor_username":"test@test.com","actor_via_sso":false,"log_type":"account","traits":{"provider":"email"}}	2024-09-19 05:13:33.138403+00	
00000000-0000-0000-0000-000000000000	96fd61fb-bbfd-46a3-9657-973c76ee0790	{"action":"logout","actor_id":"1cd3a1e6-75ee-4c38-8582-6bd610fe691f","actor_username":"test@test.com","actor_via_sso":false,"log_type":"account"}	2024-09-19 05:14:19.582338+00	
00000000-0000-0000-0000-000000000000	e1a25f9f-ebdf-4ab7-8e9e-0515a7edbff9	{"action":"login","actor_id":"1cd3a1e6-75ee-4c38-8582-6bd610fe691f","actor_username":"test@test.com","actor_via_sso":false,"log_type":"account","traits":{"provider":"email"}}	2024-09-19 05:14:29.172661+00	
00000000-0000-0000-0000-000000000000	d61a5a64-c741-4a9b-a695-dc1bcc67bbeb	{"action":"logout","actor_id":"1cd3a1e6-75ee-4c38-8582-6bd610fe691f","actor_username":"test@test.com","actor_via_sso":false,"log_type":"account"}	2024-09-19 05:15:26.157069+00	
00000000-0000-0000-0000-000000000000	923147ae-cf7d-4699-9ccc-f5896fe6f03f	{"action":"login","actor_id":"1cd3a1e6-75ee-4c38-8582-6bd610fe691f","actor_username":"test@test.com","actor_via_sso":false,"log_type":"account","traits":{"provider":"email"}}	2024-09-19 05:21:05.860827+00	
00000000-0000-0000-0000-000000000000	4b403743-79e4-47a2-a4e8-8dbcabf10737	{"action":"logout","actor_id":"1cd3a1e6-75ee-4c38-8582-6bd610fe691f","actor_username":"test@test.com","actor_via_sso":false,"log_type":"account"}	2024-09-19 05:29:04.561047+00	
00000000-0000-0000-0000-000000000000	ae6e1525-6591-4369-9927-b048af3b2149	{"action":"login","actor_id":"1cd3a1e6-75ee-4c38-8582-6bd610fe691f","actor_username":"test@test.com","actor_via_sso":false,"log_type":"account","traits":{"provider":"email"}}	2024-10-12 07:38:51.040047+00	
00000000-0000-0000-0000-000000000000	4586fb86-3560-489d-b207-95a560be142d	{"action":"logout","actor_id":"1cd3a1e6-75ee-4c38-8582-6bd610fe691f","actor_username":"test@test.com","actor_via_sso":false,"log_type":"account"}	2024-10-12 07:39:00.294567+00	
\.


--
-- Data for Name: flow_state; Type: TABLE DATA; Schema: auth; Owner: supabase_auth_admin
--

COPY auth.flow_state (id, user_id, auth_code, code_challenge_method, code_challenge, provider_type, provider_access_token, provider_refresh_token, created_at, updated_at, authentication_method, auth_code_issued_at) FROM stdin;
\.


--
-- Data for Name: identities; Type: TABLE DATA; Schema: auth; Owner: supabase_auth_admin
--

COPY auth.identities (provider_id, user_id, identity_data, provider, last_sign_in_at, created_at, updated_at, id) FROM stdin;
84685154-6506-4d64-9727-57e9251c06f0	84685154-6506-4d64-9727-57e9251c06f0	{"sub": "84685154-6506-4d64-9727-57e9251c06f0", "email": "test@example.com", "email_verified": false, "phone_verified": false}	email	2024-08-17 09:16:02.608281+00	2024-08-17 09:16:02.608335+00	2024-08-17 09:16:02.608335+00	6e65af0e-8239-4b3d-b88a-98c4a8aaa4e3
1cd3a1e6-75ee-4c38-8582-6bd610fe691f	1cd3a1e6-75ee-4c38-8582-6bd610fe691f	{"sub": "1cd3a1e6-75ee-4c38-8582-6bd610fe691f", "email": "test@test.com", "avatar": "", "fullName": "test name", "email_verified": false, "phone_verified": false}	email	2024-08-18 12:20:03.881029+00	2024-08-18 12:20:03.881086+00	2024-08-18 12:20:03.881086+00	0175839c-13d7-45d6-9907-85f6aa51a523
d1933b3b-f386-4b2c-ac47-bab12705274f	d1933b3b-f386-4b2c-ac47-bab12705274f	{"sub": "d1933b3b-f386-4b2c-ac47-bab12705274f", "email": "sidehah336@iteradev.com", "avatar": "", "fullName": "fake user", "email_verified": false, "phone_verified": false}	email	2024-08-18 12:25:38.232819+00	2024-08-18 12:25:38.232913+00	2024-08-18 12:25:38.232913+00	18e8ad73-cde6-420c-9a39-142a16751a14
6af101d2-3770-41b8-abf6-c02f31fbfb24	6af101d2-3770-41b8-abf6-c02f31fbfb24	{"sub": "6af101d2-3770-41b8-abf6-c02f31fbfb24", "email": "abc@gmail.com", "avatar": "", "fullName": "lovish bansal", "email_verified": false, "phone_verified": false}	email	2024-09-18 05:28:38.680391+00	2024-09-18 05:28:38.680444+00	2024-09-18 05:28:38.680444+00	254afc1a-0206-4a44-a142-9515d1f4a493
\.


--
-- Data for Name: instances; Type: TABLE DATA; Schema: auth; Owner: supabase_auth_admin
--

COPY auth.instances (id, uuid, raw_base_config, created_at, updated_at) FROM stdin;
\.


--
-- Data for Name: mfa_amr_claims; Type: TABLE DATA; Schema: auth; Owner: supabase_auth_admin
--

COPY auth.mfa_amr_claims (session_id, created_at, updated_at, authentication_method, id) FROM stdin;
\.


--
-- Data for Name: mfa_challenges; Type: TABLE DATA; Schema: auth; Owner: supabase_auth_admin
--

COPY auth.mfa_challenges (id, factor_id, created_at, verified_at, ip_address, otp_code, web_authn_session_data) FROM stdin;
\.


--
-- Data for Name: mfa_factors; Type: TABLE DATA; Schema: auth; Owner: supabase_auth_admin
--

COPY auth.mfa_factors (id, user_id, friendly_name, factor_type, status, created_at, updated_at, secret, phone, last_challenged_at, web_authn_credential, web_authn_aaguid) FROM stdin;
\.


--
-- Data for Name: one_time_tokens; Type: TABLE DATA; Schema: auth; Owner: supabase_auth_admin
--

COPY auth.one_time_tokens (id, user_id, token_type, token_hash, relates_to, created_at, updated_at) FROM stdin;
50a92fdd-c251-4180-aed8-51f47e41dca1	6af101d2-3770-41b8-abf6-c02f31fbfb24	confirmation_token	55f0d38e8b581982df2f18176ac196974bce0ab319d995c77687babe	abc@gmail.com	2024-09-18 05:28:41.465302	2024-09-18 05:28:41.465302
\.


--
-- Data for Name: refresh_tokens; Type: TABLE DATA; Schema: auth; Owner: supabase_auth_admin
--

COPY auth.refresh_tokens (instance_id, id, token, user_id, revoked, created_at, updated_at, parent, session_id) FROM stdin;
\.


--
-- Data for Name: saml_providers; Type: TABLE DATA; Schema: auth; Owner: supabase_auth_admin
--

COPY auth.saml_providers (id, sso_provider_id, entity_id, metadata_xml, metadata_url, attribute_mapping, created_at, updated_at, name_id_format) FROM stdin;
\.


--
-- Data for Name: saml_relay_states; Type: TABLE DATA; Schema: auth; Owner: supabase_auth_admin
--

COPY auth.saml_relay_states (id, sso_provider_id, request_id, for_email, redirect_to, created_at, updated_at, flow_state_id) FROM stdin;
\.


--
-- Data for Name: schema_migrations; Type: TABLE DATA; Schema: auth; Owner: supabase_auth_admin
--

COPY auth.schema_migrations (version) FROM stdin;
20171026211738
20171026211808
20171026211834
20180103212743
20180108183307
20180119214651
20180125194653
00
20210710035447
20210722035447
20210730183235
20210909172000
20210927181326
20211122151130
20211124214934
20211202183645
20220114185221
20220114185340
20220224000811
20220323170000
20220429102000
20220531120530
20220614074223
20220811173540
20221003041349
20221003041400
20221011041400
20221020193600
20221021073300
20221021082433
20221027105023
20221114143122
20221114143410
20221125140132
20221208132122
20221215195500
20221215195800
20221215195900
20230116124310
20230116124412
20230131181311
20230322519590
20230402418590
20230411005111
20230508135423
20230523124323
20230818113222
20230914180801
20231027141322
20231114161723
20231117164230
20240115144230
20240214120130
20240306115329
20240314092811
20240427152123
20240612123726
20240729123726
20240802193726
20240806073726
20241009103726
\.


--
-- Data for Name: sessions; Type: TABLE DATA; Schema: auth; Owner: supabase_auth_admin
--

COPY auth.sessions (id, user_id, created_at, updated_at, factor_id, aal, not_after, refreshed_at, user_agent, ip, tag) FROM stdin;
\.


--
-- Data for Name: sso_domains; Type: TABLE DATA; Schema: auth; Owner: supabase_auth_admin
--

COPY auth.sso_domains (id, sso_provider_id, domain, created_at, updated_at) FROM stdin;
\.


--
-- Data for Name: sso_providers; Type: TABLE DATA; Schema: auth; Owner: supabase_auth_admin
--

COPY auth.sso_providers (id, resource_id, created_at, updated_at) FROM stdin;
\.


--
-- Data for Name: users; Type: TABLE DATA; Schema: auth; Owner: supabase_auth_admin
--

COPY auth.users (instance_id, id, aud, role, email, encrypted_password, email_confirmed_at, invited_at, confirmation_token, confirmation_sent_at, recovery_token, recovery_sent_at, email_change_token_new, email_change, email_change_sent_at, last_sign_in_at, raw_app_meta_data, raw_user_meta_data, is_super_admin, created_at, updated_at, phone, phone_confirmed_at, phone_change, phone_change_token, phone_change_sent_at, email_change_token_current, email_change_confirm_status, banned_until, reauthentication_token, reauthentication_sent_at, is_sso_user, deleted_at, is_anonymous) FROM stdin;
00000000-0000-0000-0000-000000000000	d1933b3b-f386-4b2c-ac47-bab12705274f	authenticated	authenticated	sidehah336@iteradev.com	$2a$10$KtJ98OPy5sCGY9cl8qzFLeYO0A/k4zS/rQHcb9SFOenuALD8ieZ86	2024-08-18 12:26:08.044392+00	\N		2024-08-18 12:25:38.240288+00		\N			\N	2024-08-18 12:26:08.04877+00	{"provider": "email", "providers": ["email"]}	{"sub": "d1933b3b-f386-4b2c-ac47-bab12705274f", "email": "sidehah336@iteradev.com", "avatar": "", "fullName": "fake user", "email_verified": false, "phone_verified": false}	\N	2024-08-18 12:25:38.221343+00	2024-08-18 12:26:08.058311+00	\N	\N			\N		0	\N		\N	f	\N	f
00000000-0000-0000-0000-000000000000	84685154-6506-4d64-9727-57e9251c06f0	authenticated	authenticated	test@example.com	$2a$10$g6MSYVsMHdfxzCDTDqNeSuioUsl.RvEewqf2mJK6EehcaQsDPHoYW	2024-08-17 09:16:02.612899+00	\N		\N		\N			\N	2024-08-18 16:54:20.785711+00	{"provider": "email", "providers": ["email"]}	{}	\N	2024-08-17 09:16:02.603541+00	2024-08-18 16:54:20.791395+00	\N	\N			\N		0	\N		\N	f	\N	f
00000000-0000-0000-0000-000000000000	6af101d2-3770-41b8-abf6-c02f31fbfb24	authenticated	authenticated	abc@gmail.com	$2a$10$5v59Jl7iys/Q5EYyU/p.T.MGHdfIvfrq69AGhyt3ifzGbEAZ71wey	\N	\N	55f0d38e8b581982df2f18176ac196974bce0ab319d995c77687babe	2024-09-18 05:28:38.689428+00		\N			\N	\N	{"provider": "email", "providers": ["email"]}	{"sub": "6af101d2-3770-41b8-abf6-c02f31fbfb24", "email": "abc@gmail.com", "avatar": "", "fullName": "lovish bansal", "email_verified": false, "phone_verified": false}	\N	2024-09-18 05:28:38.672496+00	2024-09-18 05:28:41.460251+00	\N	\N			\N		0	\N		\N	f	\N	f
00000000-0000-0000-0000-000000000000	1cd3a1e6-75ee-4c38-8582-6bd610fe691f	authenticated	authenticated	test@test.com	$2a$10$sgnkg/AHXH1KagAPJiwfTeop1/BNxmcw/tMdYqpY1lCc9epHLgS22	2024-08-18 12:20:03.88734+00	\N		\N		\N			\N	2024-10-12 07:38:51.045728+00	{"provider": "email", "providers": ["email"]}	{"sub": "1cd3a1e6-75ee-4c38-8582-6bd610fe691f", "email": "test@test.com", "avatar": "https://cijsgqleaawugreftrtk.supabase.co/storage/v1/object/public/avatars/avatar-1cd3a1e6-75ee-4c38-8582-6bd610fe691f-0.5916600265946756", "fullName": "Mayank", "email_verified": false, "phone_verified": false}	\N	2024-08-18 12:20:03.872435+00	2024-10-12 07:38:51.061285+00	\N	\N			\N		0	\N		\N	f	\N	f
\.


--
-- Data for Name: key; Type: TABLE DATA; Schema: pgsodium; Owner: supabase_admin
--

COPY pgsodium.key (id, status, created, expires, key_type, key_id, key_context, name, associated_data, raw_key, raw_key_nonce, parent_key, comment, user_data) FROM stdin;
\.


--
-- Data for Name: bookings; Type: TABLE DATA; Schema: public; Owner: postgres
--

COPY public.bookings (id, created_at, "startDate", "endDate", "numNights", "numGuests", "cabinPrice", "extrasPrice", "totalPrice", status, "hasBreakfast", "isPaid", observations, "cabinId", "guestId") FROM stdin;
388	2024-08-30 05:12:29.908+00	2024-09-19 00:00:00	2024-09-26 00:00:00	7	1	1750	105	1855	checked-in	t	t	I have a gluten allergy and would like to request a gluten-free breakfast.	65	4
389	2024-08-17 05:12:29.909+00	2024-08-27 00:00:00	2024-09-06 00:00:00	10	2	2500	300	2800	checked-out	t	t		65	5
390	2024-08-23 05:12:29.909+00	2024-10-01 00:00:00	2024-10-07 00:00:00	6	2	1500	0	1500	unconfirmed	f	f		65	6
391	2024-08-05 05:12:29.909+00	2024-08-05 00:00:00	2024-08-21 00:00:00	16	2	5200	0	5200	checked-out	f	t		66	7
392	2024-09-17 05:12:29.909+00	2024-10-04 00:00:00	2024-10-07 00:00:00	3	2	975	90	1065	unconfirmed	t	t		66	8
393	2024-09-14 05:12:29.909+00	2024-10-22 00:00:00	2024-11-06 00:00:00	15	2	4875	450	5325	unconfirmed	t	f		66	9
394	2024-07-16 05:12:29.909+00	2024-08-25 00:00:00	2024-08-30 00:00:00	5	4	1500	300	1800	checked-out	t	t		67	10
395	2024-09-17 05:12:29.909+00	2024-09-17 00:00:00	2024-09-19 00:00:00	2	3	600	0	600	checked-in	f	t	We will be bringing our small dog with us	67	11
396	2024-09-05 05:12:29.909+00	2024-09-05 00:00:00	2024-09-08 00:00:00	3	4	900	180	1080	checked-out	t	t		67	12
397	2024-08-20 05:12:29.909+00	2024-09-15 00:00:00	2024-09-27 00:00:00	12	4	5400	720	6120	checked-in	t	t		68	13
398	2024-09-18 05:12:29.909+00	2024-10-01 00:00:00	2024-10-06 00:00:00	5	4	2250	300	2550	unconfirmed	t	f		68	14
399	2024-09-16 05:12:29.909+00	2024-10-07 00:00:00	2024-10-08 00:00:00	1	1	450	0	450	unconfirmed	f	t		68	15
400	2024-09-19 05:12:29.909+00	2024-10-03 00:00:00	2024-10-10 00:00:00	7	5	2450	525	2975	unconfirmed	t	f		69	16
401	2024-09-13 05:12:29.909+00	2024-09-13 00:00:00	2024-09-15 00:00:00	2	4	700	120	820	checked-out	t	t		69	17
402	2024-09-15 05:12:29.909+00	2024-09-15 00:00:00	2024-09-18 00:00:00	3	6	1050	0	1050	checked-out	f	t		69	18
403	2024-09-16 05:12:29.909+00	2024-09-19 00:00:00	2024-09-30 00:00:00	11	6	7700	0	7700	unconfirmed	f	t	We will be checking in late, around midnight. Hope that's okay :)	70	19
404	2024-09-03 05:12:29.909+00	2024-09-03 00:00:00	2024-09-10 00:00:00	7	4	4900	420	5320	checked-out	t	t	I will need a rollaway bed for one of the guests	70	20
405	2024-09-01 05:12:29.909+00	2024-09-15 00:00:00	2024-09-18 00:00:00	3	6	2100	270	2370	checked-out	t	t		70	21
406	2024-09-17 05:12:29.909+00	2024-10-06 00:00:00	2024-10-12 00:00:00	6	8	3000	0	3000	unconfirmed	f	f		71	22
407	2024-09-12 05:12:29.909+00	2024-10-29 00:00:00	2024-11-08 00:00:00	10	7	5000	1050	6050	unconfirmed	t	t		71	23
408	2024-07-26 05:12:29.909+00	2024-10-21 00:00:00	2024-10-26 00:00:00	5	6	2500	450	2950	unconfirmed	t	t		71	24
409	2024-09-11 05:12:29.909+00	2024-09-14 00:00:00	2024-09-19 00:00:00	5	9	7000	675	7675	checked-in	t	t	My wife has a gluten allergy so I would like to request a gluten-free breakfast if possible	72	3
410	2024-09-19 05:12:29.909+00	2024-09-19 00:00:00	2024-09-24 00:00:00	5	10	7000	750	7750	unconfirmed	t	t	I am celebrating my anniversary, can you arrange for any special amenities or decorations?	72	25
411	2024-09-09 05:12:29.909+00	2024-09-29 00:00:00	2024-10-02 00:00:00	3	7	4200	0	4200	unconfirmed	f	t		72	26
\.


--
-- Data for Name: cabins; Type: TABLE DATA; Schema: public; Owner: postgres
--

COPY public.cabins (id, created_at, name, "maxCapacity", "regularPrice", discount, description, image) FROM stdin;
65	2024-08-15 16:46:39.482932+00	001	2	250	0	Discover the ultimate luxury getaway for couples in the cozy wooden cabin 001. Nestled in a picturesque forest, this stunning cabin offers a secluded and intimate retreat. Inside, enjoy modern high-quality wood interiors, a comfortable seating area, a fireplace and a fully-equipped kitchen. The plush king-size bed, dressed in fine linens guarantees a peaceful nights sleep. Relax in the spa-like shower and unwind on the private deck with hot tub.	https://cijsgqleaawugreftrtk.supabase.co/storage/v1/object/public/cabin-images/cabin-001.jpg
66	2024-08-15 16:46:39.482932+00	002	2	350	25	Escape to the serenity of nature and indulge in luxury in our cozy cabin 002. Perfect for couples, this cabin offers a secluded and intimate retreat in the heart of a picturesque forest. Inside, you will find warm and inviting interiors crafted from high-quality wood, a comfortable living area, a fireplace and a fully-equipped kitchen. The luxurious bedroom features a plush king-size bed and spa-like shower. Relax on the private deck with hot tub and take in the beauty of nature.	https://cijsgqleaawugreftrtk.supabase.co/storage/v1/object/public/cabin-images/cabin-002.jpg
67	2024-08-15 16:46:39.482932+00	003	4	300	0	Experience luxury family living in our medium-sized wooden cabin 003. Perfect for families of up to 4 people, this cabin offers a comfortable and inviting space with all modern amenities. Inside, you will find warm and inviting interiors crafted from high-quality wood, a comfortable living area, a fireplace, and a fully-equipped kitchen. The bedrooms feature plush beds and spa-like bathrooms. The cabin has a private deck with a hot tub and outdoor seating area, perfect for taking in the natural surroundings.	https://cijsgqleaawugreftrtk.supabase.co/storage/v1/object/public/cabin-images/cabin-003.jpg
68	2024-08-15 16:46:39.482932+00	004	4	500	50	Indulge in the ultimate luxury family vacation in this medium-sized cabin 004. Designed for families of up to 4, this cabin offers a sumptuous retreat for the discerning traveler. Inside, the cabin boasts of opulent interiors crafted from the finest quality wood, a comfortable living area, a fireplace, and a fully-equipped gourmet kitchen. The bedrooms are adorned with plush beds and spa-inspired en-suite bathrooms. Step outside to your private deck and soak in the natural surroundings while relaxing in your own hot tub.	https://cijsgqleaawugreftrtk.supabase.co/storage/v1/object/public/cabin-images/cabin-004.jpg
69	2024-08-15 16:46:39.482932+00	005	6	350	0	Enjoy a comfortable and cozy getaway with your group or family in our spacious cabin 005. Designed to accommodate up to 6 people, this cabin offers a secluded retreat in the heart of nature. Inside, the cabin features warm and inviting interiors crafted from quality wood, a living area with fireplace, and a fully-equipped kitchen. The bedrooms are comfortable and equipped with en-suite bathrooms. Step outside to your private deck and take in the natural surroundings while relaxing in your own hot tub.	https://cijsgqleaawugreftrtk.supabase.co/storage/v1/object/public/cabin-images/cabin-005.jpg
70	2024-08-15 16:46:39.482932+00	006	6	800	100	Experience the epitome of luxury with your group or family in our spacious wooden cabin 006. Designed to comfortably accommodate up to 6 people, this cabin offers a lavish retreat in the heart of nature. Inside, the cabin features opulent interiors crafted from premium wood, a grand living area with fireplace, and a fully-equipped gourmet kitchen. The bedrooms are adorned with plush beds and spa-like en-suite bathrooms. Step outside to your private deck and soak in the natural surroundings while relaxing in your own hot tub.	https://cijsgqleaawugreftrtk.supabase.co/storage/v1/object/public/cabin-images/cabin-006.jpg
71	2024-08-15 16:46:39.482932+00	007	8	600	100	Accommodate your large group or multiple families in the spacious and grand wooden cabin 007. Designed to comfortably fit up to 8 people, this cabin offers a secluded retreat in the heart of beautiful forests and mountains. Inside, the cabin features warm and inviting interiors crafted from quality wood, multiple living areas with fireplace, and a fully-equipped kitchen. The bedrooms are comfortable and equipped with en-suite bathrooms. The cabin has a private deck with a hot tub and outdoor seating area, perfect for taking in the natural surroundings.	https://cijsgqleaawugreftrtk.supabase.co/storage/v1/object/public/cabin-images/cabin-007.jpg
72	2024-08-15 16:46:39.482932+00	008	10	1400	0	Experience the epitome of luxury and grandeur with your large group or multiple families in our grand cabin 008. This cabin offers a lavish retreat that caters to all your needs and desires. The cabin features an opulent design and boasts of high-end finishes, intricate details and the finest quality wood throughout. Inside, the cabin features multiple grand living areas with fireplaces, a formal dining area, and a gourmet kitchen that is a chef's dream. The bedrooms are designed for ultimate comfort and luxury, with plush beds and en-suite spa-inspired bathrooms. Step outside and immerse yourself in the beauty of nature from your private deck, featuring a luxurious hot tub and ample seating areas for ultimate relaxation and enjoyment.	https://cijsgqleaawugreftrtk.supabase.co/storage/v1/object/public/cabin-images/cabin-008.jpg
\.


--
-- Data for Name: guests; Type: TABLE DATA; Schema: public; Owner: postgres
--

COPY public.guests (id, created_at, "fullName", email, "nationalID", nationality, "countryFlag") FROM stdin;
3	2024-08-15 16:46:39.380173+00	Jonas Schmedtmann	hello@jonas.io	3525436345	Portugal	https://flagcdn.com/pt.svg
4	2024-08-15 16:46:39.380173+00	Jonathan Smith	johnsmith@test.eu	4534593454	Great Britain	https://flagcdn.com/gb.svg
5	2024-08-15 16:46:39.380173+00	Jonatan Johansson	jonatan@example.com	9374074454	Finland	https://flagcdn.com/fi.svg
6	2024-08-15 16:46:39.380173+00	Jonas Mueller	jonas@example.eu	1233212288	Germany	https://flagcdn.com/de.svg
7	2024-08-15 16:46:39.380173+00	Jonas Anderson	anderson@example.com	0988520146	Bolivia (Plurinational State of)	https://flagcdn.com/bo.svg
8	2024-08-15 16:46:39.380173+00	Jonathan Williams	jowi@gmail.com	633678543	United States of America	https://flagcdn.com/us.svg
9	2024-08-15 16:46:39.380173+00	Emma Watson	emma@gmail.com	1234578901	United Kingdom	https://flagcdn.com/gb.svg
10	2024-08-15 16:46:39.380173+00	Mohammed Ali	mohammedali@yahoo.com	987543210	Egypt	https://flagcdn.com/eg.svg
11	2024-08-15 16:46:39.380173+00	Maria Rodriguez	maria@gmail.com	1098765321	Spain	https://flagcdn.com/es.svg
12	2024-08-15 16:46:39.380173+00	Li Mei	li.mei@hotmail.com	102934756	China	https://flagcdn.com/cn.svg
13	2024-08-15 16:46:39.380173+00	Khadija Ahmed	khadija@gmail.com	1023457890	Sudan	https://flagcdn.com/sd.svg
14	2024-08-15 16:46:39.380173+00	Gabriel Silva	gabriel@gmail.com	109283465	Brazil	https://flagcdn.com/br.svg
15	2024-08-15 16:46:39.380173+00	Maria Gomez	maria@example.com	108765421	Mexico	https://flagcdn.com/mx.svg
16	2024-08-15 16:46:39.380173+00	Ahmed Hassan	ahmed@gmail.com	1077777777	Egypt	https://flagcdn.com/eg.svg
17	2024-08-15 16:46:39.380173+00	John Doe	johndoe@gmail.com	3245908744	United States	https://flagcdn.com/us.svg
18	2024-08-15 16:46:39.380173+00	Fatima Ahmed	fatima@example.com	1089999363	Pakistan	https://flagcdn.com/pk.svg
19	2024-08-15 16:46:39.380173+00	David Smith	david@gmail.com	44450960283	Australia	https://flagcdn.com/au.svg
20	2024-08-15 16:46:39.380173+00	Marie Dupont	marie@gmail.com	06934233728	France	https://flagcdn.com/fr.svg
21	2024-08-15 16:46:39.380173+00	Ramesh Patel	ramesh@gmail.com	9875412303	India	https://flagcdn.com/in.svg
22	2024-08-15 16:46:39.380173+00	Fatimah Al-Sayed	fatimah@gmail.com	0123456789	Kuwait	https://flagcdn.com/kw.svg
23	2024-08-15 16:46:39.380173+00	Nina Williams	nina@hotmail.com	2345678901	South Africa	https://flagcdn.com/za.svg
24	2024-08-15 16:46:39.380173+00	Taro Tanaka	taro@gmail.com	3456789012	Japan	https://flagcdn.com/jp.svg
25	2024-08-15 16:46:39.380173+00	Abdul Rahman	abdul@gmail.com	4567890123	Saudi Arabia	https://flagcdn.com/sa.svg
26	2024-08-15 16:46:39.380173+00	Julie Nguyen	julie@gmail.com	5678901234	Vietnam	https://flagcdn.com/vn.svg
27	2024-08-15 16:46:39.380173+00	Sara Lee	sara@gmail.com	6789012345	South Korea	https://flagcdn.com/kr.svg
28	2024-08-15 16:46:39.380173+00	Carlos Gomez	carlos@yahoo.com	7890123456	Colombia	https://flagcdn.com/co.svg
29	2024-08-15 16:46:39.380173+00	Emma Brown	emma@gmail.com	8901234567	Canada	https://flagcdn.com/ca.svg
30	2024-08-15 16:46:39.380173+00	Juan Hernandez	juan@yahoo.com	4343433333	Argentina	https://flagcdn.com/ar.svg
31	2024-08-15 16:46:39.380173+00	Ibrahim Ahmed	ibrahim@yahoo.com	2345678009	Nigeria	https://flagcdn.com/ng.svg
32	2024-08-15 16:46:39.380173+00	Mei Chen	mei@gmail.com	3456117890	Taiwan	https://flagcdn.com/tw.svg
\.


--
-- Data for Name: settings; Type: TABLE DATA; Schema: public; Owner: postgres
--

COPY public.settings (id, created_at, "minBookingLength", "maxBookingLength", "maxGuestsPerBooking", "breakfastPrice") FROM stdin;
1	2024-08-05 18:26:07.235033+00	3	90	8	15
\.


--
-- Data for Name: messages; Type: TABLE DATA; Schema: realtime; Owner: supabase_realtime_admin
--

COPY realtime.messages (id, topic, extension, inserted_at, updated_at) FROM stdin;
\.


--
-- Data for Name: schema_migrations; Type: TABLE DATA; Schema: realtime; Owner: supabase_admin
--

COPY realtime.schema_migrations (version, inserted_at) FROM stdin;
20211116024918	2024-08-05 14:16:23
20211116045059	2024-08-05 14:16:24
20211116050929	2024-08-05 14:16:25
20211116051442	2024-08-05 14:16:25
20211116212300	2024-08-05 14:16:26
20211116213355	2024-08-05 14:16:27
20211116213934	2024-08-05 14:16:27
20211116214523	2024-08-05 14:16:28
20211122062447	2024-08-05 14:16:29
20211124070109	2024-08-05 14:16:29
20211202204204	2024-08-05 14:16:30
20211202204605	2024-08-05 14:16:31
20211210212804	2024-08-05 14:16:33
20211228014915	2024-08-05 14:16:33
20220107221237	2024-08-05 14:16:34
20220228202821	2024-08-05 14:16:35
20220312004840	2024-08-05 14:16:35
20220603231003	2024-08-05 14:16:36
20220603232444	2024-08-05 14:16:37
20220615214548	2024-08-05 14:16:37
20220712093339	2024-08-05 14:16:38
20220908172859	2024-08-05 14:16:39
20220916233421	2024-08-05 14:16:39
20230119133233	2024-08-05 14:16:40
20230128025114	2024-08-05 14:16:41
20230128025212	2024-08-05 14:16:41
20230227211149	2024-08-05 14:16:42
20230228184745	2024-08-05 14:16:43
20230308225145	2024-08-05 14:16:43
20230328144023	2024-08-05 14:16:44
20231018144023	2024-08-05 14:16:45
20231204144023	2024-08-05 14:16:46
20231204144024	2024-08-05 14:16:46
20231204144025	2024-08-05 14:16:47
20240108234812	2024-08-05 14:16:47
20240109165339	2024-08-05 14:16:48
20240227174441	2024-08-05 14:16:49
20240311171622	2024-08-05 14:16:50
20240321100241	2024-08-05 14:16:51
20240401105812	2024-08-05 14:16:53
20240418121054	2024-08-05 14:16:54
20240523004032	2024-08-05 14:16:56
20240618124746	2024-08-05 14:16:57
20240801235015	2024-09-08 11:45:45
20240805133720	2024-09-08 11:45:45
20240827160934	2024-09-08 11:45:46
\.


--
-- Data for Name: subscription; Type: TABLE DATA; Schema: realtime; Owner: supabase_admin
--

COPY realtime.subscription (id, subscription_id, entity, filters, claims, created_at) FROM stdin;
\.


--
-- Data for Name: buckets; Type: TABLE DATA; Schema: storage; Owner: supabase_storage_admin
--

COPY storage.buckets (id, name, owner, created_at, updated_at, public, avif_autodetection, file_size_limit, allowed_mime_types, owner_id) FROM stdin;
avatars	avatars	\N	2024-08-05 20:21:54.795383+00	2024-08-05 20:21:54.795383+00	t	f	\N	\N	\N
cabin-images	cabin-images	\N	2024-08-05 20:22:12.381697+00	2024-08-05 20:22:12.381697+00	t	f	\N	\N	\N
\.


--
-- Data for Name: migrations; Type: TABLE DATA; Schema: storage; Owner: supabase_storage_admin
--

COPY storage.migrations (id, name, hash, executed_at) FROM stdin;
0	create-migrations-table	e18db593bcde2aca2a408c4d1100f6abba2195df	2024-08-05 14:15:07.549115
1	initialmigration	6ab16121fbaa08bbd11b712d05f358f9b555d777	2024-08-05 14:15:07.614216
2	storage-schema	5c7968fd083fcea04050c1b7f6253c9771b99011	2024-08-05 14:15:07.662362
3	pathtoken-column	2cb1b0004b817b29d5b0a971af16bafeede4b70d	2024-08-05 14:15:07.740992
4	add-migrations-rls	427c5b63fe1c5937495d9c635c263ee7a5905058	2024-08-05 14:15:07.816837
5	add-size-functions	79e081a1455b63666c1294a440f8ad4b1e6a7f84	2024-08-05 14:15:07.828356
6	change-column-name-in-get-size	f93f62afdf6613ee5e7e815b30d02dc990201044	2024-08-05 14:15:07.87916
7	add-rls-to-buckets	e7e7f86adbc51049f341dfe8d30256c1abca17aa	2024-08-05 14:15:07.889013
8	add-public-to-buckets	fd670db39ed65f9d08b01db09d6202503ca2bab3	2024-08-05 14:15:07.938744
9	fix-search-function	3a0af29f42e35a4d101c259ed955b67e1bee6825	2024-08-05 14:15:07.986701
10	search-files-search-function	68dc14822daad0ffac3746a502234f486182ef6e	2024-08-05 14:15:08.038621
11	add-trigger-to-auto-update-updated_at-column	7425bdb14366d1739fa8a18c83100636d74dcaa2	2024-08-05 14:15:08.086974
12	add-automatic-avif-detection-flag	8e92e1266eb29518b6a4c5313ab8f29dd0d08df9	2024-08-05 14:15:08.144452
13	add-bucket-custom-limits	cce962054138135cd9a8c4bcd531598684b25e7d	2024-08-05 14:15:08.151055
14	use-bytes-for-max-size	941c41b346f9802b411f06f30e972ad4744dad27	2024-08-05 14:15:08.202581
15	add-can-insert-object-function	934146bc38ead475f4ef4b555c524ee5d66799e5	2024-08-05 14:15:08.284645
16	add-version	76debf38d3fd07dcfc747ca49096457d95b1221b	2024-08-05 14:15:08.335528
17	drop-owner-foreign-key	f1cbb288f1b7a4c1eb8c38504b80ae2a0153d101	2024-08-05 14:15:08.392124
18	add_owner_id_column_deprecate_owner	e7a511b379110b08e2f214be852c35414749fe66	2024-08-05 14:15:08.398937
19	alter-default-value-objects-id	02e5e22a78626187e00d173dc45f58fa66a4f043	2024-08-05 14:15:08.408513
20	list-objects-with-delimiter	cd694ae708e51ba82bf012bba00caf4f3b6393b7	2024-08-05 14:15:08.460556
21	s3-multipart-uploads	8c804d4a566c40cd1e4cc5b3725a664a9303657f	2024-08-05 14:15:08.472813
22	s3-multipart-uploads-big-ints	9737dc258d2397953c9953d9b86920b8be0cdb73	2024-08-05 14:15:08.572475
23	optimize-search-function	9d7e604cddc4b56a5422dc68c9313f4a1b6f132c	2024-08-05 14:15:08.61633
24	operation-function	8312e37c2bf9e76bbe841aa5fda889206d2bf8aa	2024-08-05 14:15:08.667498
25	custom-metadata	67eb93b7e8d401cafcdc97f9ac779e71a79bfe03	2024-08-19 17:10:09.805718
\.


--
-- Data for Name: objects; Type: TABLE DATA; Schema: storage; Owner: supabase_storage_admin
--

COPY storage.objects (id, bucket_id, name, owner, created_at, updated_at, last_accessed_at, metadata, version, owner_id, user_metadata) FROM stdin;
c80541c6-f20c-46a1-b317-1e758be09f1b	cabin-images	cabin-006.jpg	\N	2024-08-05 20:23:40.753484+00	2024-08-05 20:23:40.753484+00	2024-08-05 20:23:40.753484+00	{"eTag": "\\"cf79d9caf48c24639ca629a06271f760-1\\"", "size": 262253, "mimetype": "image/jpeg", "cacheControl": "max-age=3600", "lastModified": "2024-08-05T20:23:41.000Z", "contentLength": 262253, "httpStatusCode": 200}	25325bf7-2d4f-499d-b8cf-379118f70cc2	\N	\N
4be1c42b-2fa5-439b-aedf-d5aa3143c1ad	cabin-images	cabin-002.jpg	\N	2024-08-05 20:23:40.787111+00	2024-08-05 20:23:40.787111+00	2024-08-05 20:23:40.787111+00	{"eTag": "\\"9da847f783d7018791464aa4befd1cc5-1\\"", "size": 211817, "mimetype": "image/jpeg", "cacheControl": "max-age=3600", "lastModified": "2024-08-05T20:23:41.000Z", "contentLength": 211817, "httpStatusCode": 200}	03fa7460-bd39-4fd8-8248-0c9fcb610c4d	\N	\N
975d1f4b-3aff-48d1-9668-4a0c3915a510	cabin-images	cabin-003.jpg	\N	2024-08-05 20:23:40.713956+00	2024-08-05 20:23:40.713956+00	2024-08-05 20:23:40.713956+00	{"eTag": "\\"4b2b22bdcd724936b9a6dc09fe5e0fe6-1\\"", "size": 254300, "mimetype": "image/jpeg", "cacheControl": "max-age=3600", "lastModified": "2024-08-05T20:23:41.000Z", "contentLength": 254300, "httpStatusCode": 200}	b7492e10-3d1e-438b-a692-f48bef121e29	\N	\N
ee600c11-82d9-4af8-9f21-69e07edc142d	cabin-images	cabin-005.jpg	\N	2024-08-05 20:23:40.746873+00	2024-08-05 20:23:40.746873+00	2024-08-05 20:23:40.746873+00	{"eTag": "\\"671afbb6c6bab3546973f776f6732de3-1\\"", "size": 298446, "mimetype": "image/jpeg", "cacheControl": "max-age=3600", "lastModified": "2024-08-05T20:23:41.000Z", "contentLength": 298446, "httpStatusCode": 200}	d2a6b232-d277-4c80-86d0-97694750b32d	\N	\N
533bed62-e621-4c5b-a699-4fa87151c425	cabin-images	cabin-007.jpg	\N	2024-08-05 20:23:40.799692+00	2024-08-05 20:23:40.799692+00	2024-08-05 20:23:40.799692+00	{"eTag": "\\"18377cc1afd74a13dd267c495093216d-1\\"", "size": 231604, "mimetype": "image/jpeg", "cacheControl": "max-age=3600", "lastModified": "2024-08-05T20:23:41.000Z", "contentLength": 231604, "httpStatusCode": 200}	4b57c1a0-31cf-4c0b-aa0c-1ef237d80940	\N	\N
655697c4-99c1-400c-ba1f-56151fdc8389	cabin-images	cabin-001.jpg	\N	2024-08-05 20:23:40.840668+00	2024-08-05 20:23:40.840668+00	2024-08-05 20:23:40.840668+00	{"eTag": "\\"45afb2ebfe28f136a081cca47924dd54-1\\"", "size": 261067, "mimetype": "image/jpeg", "cacheControl": "max-age=3600", "lastModified": "2024-08-05T20:23:41.000Z", "contentLength": 261067, "httpStatusCode": 200}	dedc9d13-c871-47ba-82be-7c752e2bbe56	\N	\N
300f983c-3562-4e62-89d2-678e71a1edc0	cabin-images	cabin-004.jpg	\N	2024-08-05 20:23:41.127574+00	2024-08-05 20:23:41.127574+00	2024-08-05 20:23:41.127574+00	{"eTag": "\\"d5f99c5227847b5561807cd24afd4a16-1\\"", "size": 250312, "mimetype": "image/jpeg", "cacheControl": "max-age=3600", "lastModified": "2024-08-05T20:23:41.000Z", "contentLength": 250312, "httpStatusCode": 200}	02c06324-858e-4eeb-850f-b95695ba33d5	\N	\N
d272e353-f79a-48d0-a9e3-9f0246289f1a	cabin-images	cabin-008.jpg	\N	2024-08-05 20:23:41.216382+00	2024-08-05 20:23:41.216382+00	2024-08-05 20:23:41.216382+00	{"eTag": "\\"9ab32ab61d756f5bce580da74e66b202-1\\"", "size": 252747, "mimetype": "image/jpeg", "cacheControl": "max-age=3600", "lastModified": "2024-08-05T20:23:41.000Z", "contentLength": 252747, "httpStatusCode": 200}	c82f2e65-c68f-4bd5-81fa-9b7096aa98f6	\N	\N
3aaf0064-5611-4865-b897-efcdf12d405c	cabin-images	0.2577094004957181-cabin-007.jpg	\N	2024-08-09 20:55:06.779468+00	2024-08-09 20:55:06.779468+00	2024-08-09 20:55:06.779468+00	{"eTag": "\\"7a2f383aa7f5f2a2ebc6d5310ab2ff6a\\"", "size": 231604, "mimetype": "image/jpeg", "cacheControl": "max-age=3600", "lastModified": "2024-08-09T20:55:07.000Z", "contentLength": 231604, "httpStatusCode": 200}	dd0bf110-3179-41c7-83ce-82edaa72a49d	\N	\N
c637fe23-b6c4-4e98-8718-56738bc71669	cabin-images	0.6930945015578946-cabin-002.jpg	\N	2024-08-10 13:43:27.122737+00	2024-08-10 13:43:27.122737+00	2024-08-10 13:43:27.122737+00	{"eTag": "\\"066647c2de6f1de34d0253f8fcd26ed8\\"", "size": 211817, "mimetype": "image/jpeg", "cacheControl": "max-age=3600", "lastModified": "2024-08-10T13:43:27.000Z", "contentLength": 211817, "httpStatusCode": 200}	5afe5a22-7074-4158-b7f0-3c5b97282431	\N	\N
fc5f3d89-54b8-4f49-bf09-61f33b7160c3	cabin-images	0.9053828796912908-cabin-006.jpg	\N	2024-08-10 13:43:42.7233+00	2024-08-10 13:43:42.7233+00	2024-08-10 13:43:42.7233+00	{"eTag": "\\"8d1f4e869fb13c640ed1d20cf9c95a9c\\"", "size": 262253, "mimetype": "image/jpeg", "cacheControl": "max-age=3600", "lastModified": "2024-08-10T13:43:43.000Z", "contentLength": 262253, "httpStatusCode": 200}	5a1d9306-c1fa-47bd-9d2f-c36da1150fd4	\N	\N
c66dec28-a724-41b8-8fb5-180675dea574	cabin-images	0.7933759231583248-undefined	\N	2024-08-10 13:44:33.329902+00	2024-08-10 13:44:33.329902+00	2024-08-10 13:44:33.329902+00	{"eTag": "\\"9eddbfecf321cfea2b2e1e2269f9f58e\\"", "size": 111, "mimetype": "text/plain;charset=UTF-8", "cacheControl": "max-age=3600", "lastModified": "2024-08-10T13:44:34.000Z", "contentLength": 111, "httpStatusCode": 200}	cc908790-26da-4a36-ab97-facad33cb634	\N	\N
ab4a05f4-6913-40e1-90d1-0dcead694cb2	cabin-images	0.8466901723827125-undefined	\N	2024-08-10 13:44:47.359435+00	2024-08-10 13:44:47.359435+00	2024-08-10 13:44:47.359435+00	{"eTag": "\\"9eddbfecf321cfea2b2e1e2269f9f58e\\"", "size": 111, "mimetype": "text/plain;charset=UTF-8", "cacheControl": "max-age=3600", "lastModified": "2024-08-10T13:44:48.000Z", "contentLength": 111, "httpStatusCode": 200}	49e70626-e48c-4293-8446-c7ed9ee08801	\N	\N
748fdc3d-c1e6-43a2-af8e-00cece4898c4	cabin-images	0.8864545914157973-cabin-005.jpg	\N	2024-08-10 13:47:05.944209+00	2024-08-10 13:47:05.944209+00	2024-08-10 13:47:05.944209+00	{"eTag": "\\"f0708351f7c8e59dae5e3517a36e7e16\\"", "size": 298446, "mimetype": "image/jpeg", "cacheControl": "max-age=3600", "lastModified": "2024-08-10T13:47:06.000Z", "contentLength": 298446, "httpStatusCode": 200}	74d81b84-cad8-469e-b816-232b02c09187	\N	\N
f8016097-2706-4c09-b4d6-ef4997a3edc5	cabin-images	0.8458025276338548-undefined	\N	2024-08-10 13:48:36.608734+00	2024-08-10 13:48:36.608734+00	2024-08-10 13:48:36.608734+00	{"eTag": "\\"4bdbdf12b6225701c7384268bbc74557\\"", "size": 111, "mimetype": "text/plain;charset=UTF-8", "cacheControl": "max-age=3600", "lastModified": "2024-08-10T13:48:37.000Z", "contentLength": 111, "httpStatusCode": 200}	300e62ff-28ef-4d65-88ad-57eef413d042	\N	\N
76095e1f-cfcb-4439-ae0a-d2484e2c9a6f	cabin-images	0.12121408994930505-cabin-008.jpg	\N	2024-08-10 14:26:23.345087+00	2024-08-10 14:26:23.345087+00	2024-08-10 14:26:23.345087+00	{"eTag": "\\"c4c9d33aabf06bdd7cb18fbef5837a7f\\"", "size": 252747, "mimetype": "image/jpeg", "cacheControl": "max-age=3600", "lastModified": "2024-08-10T14:26:24.000Z", "contentLength": 252747, "httpStatusCode": 200}	c22c9ba9-c153-4bdc-b358-4c38d383245b	\N	\N
1f1ce851-8bbf-470a-981b-f0f1badbbce4	cabin-images	0.5461119891789457-cabin-003.jpg	\N	2024-08-10 19:15:42.213734+00	2024-08-10 19:15:42.213734+00	2024-08-10 19:15:42.213734+00	{"eTag": "\\"b31d3641a0223d5a698787d6ef1611e0\\"", "size": 254300, "mimetype": "image/jpeg", "cacheControl": "max-age=3600", "lastModified": "2024-08-10T19:15:43.000Z", "contentLength": 254300, "httpStatusCode": 200}	d72068c0-7d33-4354-b740-0a402ce175ce	\N	\N
370f1e5a-8333-4985-a20c-40c596896534	cabin-images	0.46469879306978257-cabin-006.jpg	\N	2024-08-10 19:25:46.487871+00	2024-08-10 19:25:46.487871+00	2024-08-10 19:25:46.487871+00	{"eTag": "\\"8d1f4e869fb13c640ed1d20cf9c95a9c\\"", "size": 262253, "mimetype": "image/jpeg", "cacheControl": "max-age=3600", "lastModified": "2024-08-10T19:25:47.000Z", "contentLength": 262253, "httpStatusCode": 200}	0f985668-7c18-4ac0-9eb3-a681f625b76a	\N	\N
5b46a15c-ebd9-416c-b4bc-0f5931a7b421	cabin-images	0.12733483076628627-cabin-001.jpg	\N	2024-08-11 08:23:07.080332+00	2024-08-11 08:23:07.080332+00	2024-08-11 08:23:07.080332+00	{"eTag": "\\"70bc8192eddc7bc8aaa156219831fa10\\"", "size": 261067, "mimetype": "image/jpeg", "cacheControl": "max-age=3600", "lastModified": "2024-08-11T08:23:07.000Z", "contentLength": 261067, "httpStatusCode": 200}	45073cff-0cd1-47b1-b4f6-93b31cca30c5	\N	\N
28806a2f-79a4-4d84-9585-65d0efa06c4e	cabin-images	0.20455319095314772-cabin-004.jpg	\N	2024-08-13 19:06:28.89883+00	2024-08-13 19:06:28.89883+00	2024-08-13 19:06:28.89883+00	{"eTag": "\\"c43b8e6bd7abc5412fbd5eafc9985dc0\\"", "size": 250312, "mimetype": "image/jpeg", "cacheControl": "max-age=3600", "lastModified": "2024-08-13T19:06:29.000Z", "contentLength": 250312, "httpStatusCode": 200}	dd9c5adb-9007-4db4-bcbc-06bc0511ea0f	\N	\N
95a185c9-774f-4e45-9822-c215d3f18b5a	avatars	ava-1.png	\N	2024-08-18 17:38:51.06205+00	2024-08-18 17:38:51.06205+00	2024-08-18 17:38:51.06205+00	{"eTag": "\\"138a81285a446c5e5cc8b1295b1b8ab9-1\\"", "size": 6266, "mimetype": "image/png", "cacheControl": "max-age=3600", "lastModified": "2024-08-18T17:38:51.000Z", "contentLength": 6266, "httpStatusCode": 200}	37ee9a21-fee9-490e-b807-73a0d7270b21	\N	\N
6aba79c8-2733-486d-baa9-b1b9fda22c5b	avatars	avatar-1cd3a1e6-75ee-4c38-8582-6bd610fe691f-0.1717398457560162	1cd3a1e6-75ee-4c38-8582-6bd610fe691f	2024-08-18 17:48:00.689682+00	2024-08-18 17:48:00.689682+00	2024-08-18 17:48:00.689682+00	{"eTag": "\\"6b0c836217d3d739ce24ceed452bfa3e\\"", "size": 6266, "mimetype": "image/png", "cacheControl": "max-age=3600", "lastModified": "2024-08-18T17:48:01.000Z", "contentLength": 6266, "httpStatusCode": 200}	d1983ba0-bc87-4f45-bf70-f9b637c133b1	1cd3a1e6-75ee-4c38-8582-6bd610fe691f	\N
efcaf4a4-6764-46de-b87a-8c7bf9bdc2c9	avatars	avatar-1cd3a1e6-75ee-4c38-8582-6bd610fe691f-0.2901829890658021	1cd3a1e6-75ee-4c38-8582-6bd610fe691f	2024-08-18 17:48:53.919135+00	2024-08-18 17:48:53.919135+00	2024-08-18 17:48:53.919135+00	{"eTag": "\\"867524623a7dde519f2d2f514b795cd3\\"", "size": 3964, "mimetype": "image/webp", "cacheControl": "max-age=3600", "lastModified": "2024-08-18T17:48:54.000Z", "contentLength": 3964, "httpStatusCode": 200}	8d16a326-07c5-4c28-8b86-65f3ee54afbe	1cd3a1e6-75ee-4c38-8582-6bd610fe691f	\N
690edbd0-3fc0-443c-9353-9e712490d586	avatars	avatar-1cd3a1e6-75ee-4c38-8582-6bd610fe691f-0.5336854351369438	1cd3a1e6-75ee-4c38-8582-6bd610fe691f	2024-08-18 17:55:48.547361+00	2024-08-18 17:55:48.547361+00	2024-08-18 17:55:48.547361+00	{"eTag": "\\"6b0c836217d3d739ce24ceed452bfa3e\\"", "size": 6266, "mimetype": "image/png", "cacheControl": "max-age=3600", "lastModified": "2024-08-18T17:55:49.000Z", "contentLength": 6266, "httpStatusCode": 200}	52f99576-dad6-4c4c-81a4-ec18e2bd2d18	1cd3a1e6-75ee-4c38-8582-6bd610fe691f	\N
2371f158-501a-41cc-b9ce-ece19671dbb3	avatars	avatar-1cd3a1e6-75ee-4c38-8582-6bd610fe691f-0.3357482660304434	1cd3a1e6-75ee-4c38-8582-6bd610fe691f	2024-08-18 17:57:38.299359+00	2024-08-18 17:57:38.299359+00	2024-08-18 17:57:38.299359+00	{"eTag": "\\"867524623a7dde519f2d2f514b795cd3\\"", "size": 3964, "mimetype": "image/webp", "cacheControl": "max-age=3600", "lastModified": "2024-08-18T17:57:39.000Z", "contentLength": 3964, "httpStatusCode": 200}	c150885b-538c-4475-90ed-f71f8b628f84	1cd3a1e6-75ee-4c38-8582-6bd610fe691f	\N
2c0564fd-7d8a-4410-9ad6-7f74331a98f5	avatars	avatar-1cd3a1e6-75ee-4c38-8582-6bd610fe691f-0.8885443499817152	1cd3a1e6-75ee-4c38-8582-6bd610fe691f	2024-08-18 17:57:58.194692+00	2024-08-18 17:57:58.194692+00	2024-08-18 17:57:58.194692+00	{"eTag": "\\"5578482ea3700923d89ee20620461a60\\"", "size": 8104, "mimetype": "image/jpeg", "cacheControl": "max-age=3600", "lastModified": "2024-08-18T17:57:59.000Z", "contentLength": 8104, "httpStatusCode": 200}	4016c49d-c080-4034-bda5-0821203fee55	1cd3a1e6-75ee-4c38-8582-6bd610fe691f	\N
947b8ea0-b5dc-4e1a-801f-044f8bd7dd2c	avatars	avatar-1cd3a1e6-75ee-4c38-8582-6bd610fe691f-0.42032419010908173	1cd3a1e6-75ee-4c38-8582-6bd610fe691f	2024-08-18 17:58:05.630514+00	2024-08-18 17:58:05.630514+00	2024-08-18 17:58:05.630514+00	{"eTag": "\\"867524623a7dde519f2d2f514b795cd3\\"", "size": 3964, "mimetype": "image/webp", "cacheControl": "max-age=3600", "lastModified": "2024-08-18T17:58:06.000Z", "contentLength": 3964, "httpStatusCode": 200}	d0b8a7ed-cb10-4369-8bbe-e64861c8c754	1cd3a1e6-75ee-4c38-8582-6bd610fe691f	\N
3ddf9ef0-fa4a-4e48-936a-629bf627292c	avatars	avatar-1cd3a1e6-75ee-4c38-8582-6bd610fe691f-0.35933963118515644	1cd3a1e6-75ee-4c38-8582-6bd610fe691f	2024-08-19 03:48:54.249622+00	2024-08-19 03:48:54.249622+00	2024-08-19 03:48:54.249622+00	{"eTag": "\\"6b0c836217d3d739ce24ceed452bfa3e\\"", "size": 6266, "mimetype": "image/png", "cacheControl": "max-age=3600", "lastModified": "2024-08-19T03:48:55.000Z", "contentLength": 6266, "httpStatusCode": 200}	fd556459-8a7f-42b9-a4dd-f5f0079f4d40	1cd3a1e6-75ee-4c38-8582-6bd610fe691f	\N
61d85b06-1870-40e2-a551-52a1d497cb45	avatars	avatar-1cd3a1e6-75ee-4c38-8582-6bd610fe691f-0.5916600265946756	1cd3a1e6-75ee-4c38-8582-6bd610fe691f	2024-08-19 03:51:05.246025+00	2024-08-19 03:51:05.246025+00	2024-08-19 03:51:05.246025+00	{"eTag": "\\"867524623a7dde519f2d2f514b795cd3\\"", "size": 3964, "mimetype": "image/webp", "cacheControl": "max-age=3600", "lastModified": "2024-08-19T03:51:06.000Z", "contentLength": 3964, "httpStatusCode": 200}	1e93af87-f15b-4db2-8bc4-395847ea2366	1cd3a1e6-75ee-4c38-8582-6bd610fe691f	\N
\.


--
-- Data for Name: s3_multipart_uploads; Type: TABLE DATA; Schema: storage; Owner: supabase_storage_admin
--

COPY storage.s3_multipart_uploads (id, in_progress_size, upload_signature, bucket_id, key, version, owner_id, created_at, user_metadata) FROM stdin;
\.


--
-- Data for Name: s3_multipart_uploads_parts; Type: TABLE DATA; Schema: storage; Owner: supabase_storage_admin
--

COPY storage.s3_multipart_uploads_parts (id, upload_id, size, part_number, bucket_id, key, etag, owner_id, version, created_at) FROM stdin;
\.


--
-- Data for Name: secrets; Type: TABLE DATA; Schema: vault; Owner: supabase_admin
--

COPY vault.secrets (id, name, description, secret, key_id, nonce, created_at, updated_at) FROM stdin;
\.


--
-- Name: refresh_tokens_id_seq; Type: SEQUENCE SET; Schema: auth; Owner: supabase_auth_admin
--

SELECT pg_catalog.setval('auth.refresh_tokens_id_seq', 72, true);


--
-- Name: key_key_id_seq; Type: SEQUENCE SET; Schema: pgsodium; Owner: supabase_admin
--

SELECT pg_catalog.setval('pgsodium.key_key_id_seq', 1, false);


--
-- Name: bookings_id_seq; Type: SEQUENCE SET; Schema: public; Owner: postgres
--

SELECT pg_catalog.setval('public.bookings_id_seq', 411, true);


--
-- Name: cabins_id_seq; Type: SEQUENCE SET; Schema: public; Owner: postgres
--

SELECT pg_catalog.setval('public.cabins_id_seq', 72, true);


--
-- Name: guests_id_seq; Type: SEQUENCE SET; Schema: public; Owner: postgres
--

SELECT pg_catalog.setval('public.guests_id_seq', 32, true);


--
-- Name: settings_id_seq; Type: SEQUENCE SET; Schema: public; Owner: postgres
--

SELECT pg_catalog.setval('public.settings_id_seq', 1, true);


--
-- Name: messages_id_seq; Type: SEQUENCE SET; Schema: realtime; Owner: supabase_realtime_admin
--

SELECT pg_catalog.setval('realtime.messages_id_seq', 1, false);


--
-- Name: subscription_id_seq; Type: SEQUENCE SET; Schema: realtime; Owner: supabase_admin
--

SELECT pg_catalog.setval('realtime.subscription_id_seq', 1, false);


--
-- Name: mfa_amr_claims amr_id_pk; Type: CONSTRAINT; Schema: auth; Owner: supabase_auth_admin
--

ALTER TABLE ONLY auth.mfa_amr_claims
    ADD CONSTRAINT amr_id_pk PRIMARY KEY (id);


--
-- Name: audit_log_entries audit_log_entries_pkey; Type: CONSTRAINT; Schema: auth; Owner: supabase_auth_admin
--

ALTER TABLE ONLY auth.audit_log_entries
    ADD CONSTRAINT audit_log_entries_pkey PRIMARY KEY (id);


--
-- Name: flow_state flow_state_pkey; Type: CONSTRAINT; Schema: auth; Owner: supabase_auth_admin
--

ALTER TABLE ONLY auth.flow_state
    ADD CONSTRAINT flow_state_pkey PRIMARY KEY (id);


--
-- Name: identities identities_pkey; Type: CONSTRAINT; Schema: auth; Owner: supabase_auth_admin
--

ALTER TABLE ONLY auth.identities
    ADD CONSTRAINT identities_pkey PRIMARY KEY (id);


--
-- Name: identities identities_provider_id_provider_unique; Type: CONSTRAINT; Schema: auth; Owner: supabase_auth_admin
--

ALTER TABLE ONLY auth.identities
    ADD CONSTRAINT identities_provider_id_provider_unique UNIQUE (provider_id, provider);


--
-- Name: instances instances_pkey; Type: CONSTRAINT; Schema: auth; Owner: supabase_auth_admin
--

ALTER TABLE ONLY auth.instances
    ADD CONSTRAINT instances_pkey PRIMARY KEY (id);


--
-- Name: mfa_amr_claims mfa_amr_claims_session_id_authentication_method_pkey; Type: CONSTRAINT; Schema: auth; Owner: supabase_auth_admin
--

ALTER TABLE ONLY auth.mfa_amr_claims
    ADD CONSTRAINT mfa_amr_claims_session_id_authentication_method_pkey UNIQUE (session_id, authentication_method);


--
-- Name: mfa_challenges mfa_challenges_pkey; Type: CONSTRAINT; Schema: auth; Owner: supabase_auth_admin
--

ALTER TABLE ONLY auth.mfa_challenges
    ADD CONSTRAINT mfa_challenges_pkey PRIMARY KEY (id);


--
-- Name: mfa_factors mfa_factors_last_challenged_at_key; Type: CONSTRAINT; Schema: auth; Owner: supabase_auth_admin
--

ALTER TABLE ONLY auth.mfa_factors
    ADD CONSTRAINT mfa_factors_last_challenged_at_key UNIQUE (last_challenged_at);


--
-- Name: mfa_factors mfa_factors_pkey; Type: CONSTRAINT; Schema: auth; Owner: supabase_auth_admin
--

ALTER TABLE ONLY auth.mfa_factors
    ADD CONSTRAINT mfa_factors_pkey PRIMARY KEY (id);


--
-- Name: one_time_tokens one_time_tokens_pkey; Type: CONSTRAINT; Schema: auth; Owner: supabase_auth_admin
--

ALTER TABLE ONLY auth.one_time_tokens
    ADD CONSTRAINT one_time_tokens_pkey PRIMARY KEY (id);


--
-- Name: refresh_tokens refresh_tokens_pkey; Type: CONSTRAINT; Schema: auth; Owner: supabase_auth_admin
--

ALTER TABLE ONLY auth.refresh_tokens
    ADD CONSTRAINT refresh_tokens_pkey PRIMARY KEY (id);


--
-- Name: refresh_tokens refresh_tokens_token_unique; Type: CONSTRAINT; Schema: auth; Owner: supabase_auth_admin
--

ALTER TABLE ONLY auth.refresh_tokens
    ADD CONSTRAINT refresh_tokens_token_unique UNIQUE (token);


--
-- Name: saml_providers saml_providers_entity_id_key; Type: CONSTRAINT; Schema: auth; Owner: supabase_auth_admin
--

ALTER TABLE ONLY auth.saml_providers
    ADD CONSTRAINT saml_providers_entity_id_key UNIQUE (entity_id);


--
-- Name: saml_providers saml_providers_pkey; Type: CONSTRAINT; Schema: auth; Owner: supabase_auth_admin
--

ALTER TABLE ONLY auth.saml_providers
    ADD CONSTRAINT saml_providers_pkey PRIMARY KEY (id);


--
-- Name: saml_relay_states saml_relay_states_pkey; Type: CONSTRAINT; Schema: auth; Owner: supabase_auth_admin
--

ALTER TABLE ONLY auth.saml_relay_states
    ADD CONSTRAINT saml_relay_states_pkey PRIMARY KEY (id);


--
-- Name: schema_migrations schema_migrations_pkey; Type: CONSTRAINT; Schema: auth; Owner: supabase_auth_admin
--

ALTER TABLE ONLY auth.schema_migrations
    ADD CONSTRAINT schema_migrations_pkey PRIMARY KEY (version);


--
-- Name: sessions sessions_pkey; Type: CONSTRAINT; Schema: auth; Owner: supabase_auth_admin
--

ALTER TABLE ONLY auth.sessions
    ADD CONSTRAINT sessions_pkey PRIMARY KEY (id);


--
-- Name: sso_domains sso_domains_pkey; Type: CONSTRAINT; Schema: auth; Owner: supabase_auth_admin
--

ALTER TABLE ONLY auth.sso_domains
    ADD CONSTRAINT sso_domains_pkey PRIMARY KEY (id);


--
-- Name: sso_providers sso_providers_pkey; Type: CONSTRAINT; Schema: auth; Owner: supabase_auth_admin
--

ALTER TABLE ONLY auth.sso_providers
    ADD CONSTRAINT sso_providers_pkey PRIMARY KEY (id);


--
-- Name: users users_phone_key; Type: CONSTRAINT; Schema: auth; Owner: supabase_auth_admin
--

ALTER TABLE ONLY auth.users
    ADD CONSTRAINT users_phone_key UNIQUE (phone);


--
-- Name: users users_pkey; Type: CONSTRAINT; Schema: auth; Owner: supabase_auth_admin
--

ALTER TABLE ONLY auth.users
    ADD CONSTRAINT users_pkey PRIMARY KEY (id);


--
-- Name: bookings bookings_pkey; Type: CONSTRAINT; Schema: public; Owner: postgres
--

ALTER TABLE ONLY public.bookings
    ADD CONSTRAINT bookings_pkey PRIMARY KEY (id);


--
-- Name: cabins cabins_pkey; Type: CONSTRAINT; Schema: public; Owner: postgres
--

ALTER TABLE ONLY public.cabins
    ADD CONSTRAINT cabins_pkey PRIMARY KEY (id);


--
-- Name: guests guests_pkey; Type: CONSTRAINT; Schema: public; Owner: postgres
--

ALTER TABLE ONLY public.guests
    ADD CONSTRAINT guests_pkey PRIMARY KEY (id);


--
-- Name: settings settings_pkey; Type: CONSTRAINT; Schema: public; Owner: postgres
--

ALTER TABLE ONLY public.settings
    ADD CONSTRAINT settings_pkey PRIMARY KEY (id);


--
-- Name: messages messages_pkey; Type: CONSTRAINT; Schema: realtime; Owner: supabase_realtime_admin
--

ALTER TABLE ONLY realtime.messages
    ADD CONSTRAINT messages_pkey PRIMARY KEY (id);


--
-- Name: subscription pk_subscription; Type: CONSTRAINT; Schema: realtime; Owner: supabase_admin
--

ALTER TABLE ONLY realtime.subscription
    ADD CONSTRAINT pk_subscription PRIMARY KEY (id);


--
-- Name: schema_migrations schema_migrations_pkey; Type: CONSTRAINT; Schema: realtime; Owner: supabase_admin
--

ALTER TABLE ONLY realtime.schema_migrations
    ADD CONSTRAINT schema_migrations_pkey PRIMARY KEY (version);


--
-- Name: buckets buckets_pkey; Type: CONSTRAINT; Schema: storage; Owner: supabase_storage_admin
--

ALTER TABLE ONLY storage.buckets
    ADD CONSTRAINT buckets_pkey PRIMARY KEY (id);


--
-- Name: migrations migrations_name_key; Type: CONSTRAINT; Schema: storage; Owner: supabase_storage_admin
--

ALTER TABLE ONLY storage.migrations
    ADD CONSTRAINT migrations_name_key UNIQUE (name);


--
-- Name: migrations migrations_pkey; Type: CONSTRAINT; Schema: storage; Owner: supabase_storage_admin
--

ALTER TABLE ONLY storage.migrations
    ADD CONSTRAINT migrations_pkey PRIMARY KEY (id);


--
-- Name: objects objects_pkey; Type: CONSTRAINT; Schema: storage; Owner: supabase_storage_admin
--

ALTER TABLE ONLY storage.objects
    ADD CONSTRAINT objects_pkey PRIMARY KEY (id);


--
-- Name: s3_multipart_uploads_parts s3_multipart_uploads_parts_pkey; Type: CONSTRAINT; Schema: storage; Owner: supabase_storage_admin
--

ALTER TABLE ONLY storage.s3_multipart_uploads_parts
    ADD CONSTRAINT s3_multipart_uploads_parts_pkey PRIMARY KEY (id);


--
-- Name: s3_multipart_uploads s3_multipart_uploads_pkey; Type: CONSTRAINT; Schema: storage; Owner: supabase_storage_admin
--

ALTER TABLE ONLY storage.s3_multipart_uploads
    ADD CONSTRAINT s3_multipart_uploads_pkey PRIMARY KEY (id);


--
-- Name: audit_logs_instance_id_idx; Type: INDEX; Schema: auth; Owner: supabase_auth_admin
--

CREATE INDEX audit_logs_instance_id_idx ON auth.audit_log_entries USING btree (instance_id);


--
-- Name: confirmation_token_idx; Type: INDEX; Schema: auth; Owner: supabase_auth_admin
--

CREATE UNIQUE INDEX confirmation_token_idx ON auth.users USING btree (confirmation_token) WHERE ((confirmation_token)::text !~ '^[0-9 ]*$'::text);


--
-- Name: email_change_token_current_idx; Type: INDEX; Schema: auth; Owner: supabase_auth_admin
--

CREATE UNIQUE INDEX email_change_token_current_idx ON auth.users USING btree (email_change_token_current) WHERE ((email_change_token_current)::text !~ '^[0-9 ]*$'::text);


--
-- Name: email_change_token_new_idx; Type: INDEX; Schema: auth; Owner: supabase_auth_admin
--

CREATE UNIQUE INDEX email_change_token_new_idx ON auth.users USING btree (email_change_token_new) WHERE ((email_change_token_new)::text !~ '^[0-9 ]*$'::text);


--
-- Name: factor_id_created_at_idx; Type: INDEX; Schema: auth; Owner: supabase_auth_admin
--

CREATE INDEX factor_id_created_at_idx ON auth.mfa_factors USING btree (user_id, created_at);


--
-- Name: flow_state_created_at_idx; Type: INDEX; Schema: auth; Owner: supabase_auth_admin
--

CREATE INDEX flow_state_created_at_idx ON auth.flow_state USING btree (created_at DESC);


--
-- Name: identities_email_idx; Type: INDEX; Schema: auth; Owner: supabase_auth_admin
--

CREATE INDEX identities_email_idx ON auth.identities USING btree (email text_pattern_ops);


--
-- Name: INDEX identities_email_idx; Type: COMMENT; Schema: auth; Owner: supabase_auth_admin
--

COMMENT ON INDEX auth.identities_email_idx IS 'Auth: Ensures indexed queries on the email column';


--
-- Name: identities_user_id_idx; Type: INDEX; Schema: auth; Owner: supabase_auth_admin
--

CREATE INDEX identities_user_id_idx ON auth.identities USING btree (user_id);


--
-- Name: idx_auth_code; Type: INDEX; Schema: auth; Owner: supabase_auth_admin
--

CREATE INDEX idx_auth_code ON auth.flow_state USING btree (auth_code);


--
-- Name: idx_user_id_auth_method; Type: INDEX; Schema: auth; Owner: supabase_auth_admin
--

CREATE INDEX idx_user_id_auth_method ON auth.flow_state USING btree (user_id, authentication_method);


--
-- Name: mfa_challenge_created_at_idx; Type: INDEX; Schema: auth; Owner: supabase_auth_admin
--

CREATE INDEX mfa_challenge_created_at_idx ON auth.mfa_challenges USING btree (created_at DESC);


--
-- Name: mfa_factors_user_friendly_name_unique; Type: INDEX; Schema: auth; Owner: supabase_auth_admin
--

CREATE UNIQUE INDEX mfa_factors_user_friendly_name_unique ON auth.mfa_factors USING btree (friendly_name, user_id) WHERE (TRIM(BOTH FROM friendly_name) <> ''::text);


--
-- Name: mfa_factors_user_id_idx; Type: INDEX; Schema: auth; Owner: supabase_auth_admin
--

CREATE INDEX mfa_factors_user_id_idx ON auth.mfa_factors USING btree (user_id);


--
-- Name: one_time_tokens_relates_to_hash_idx; Type: INDEX; Schema: auth; Owner: supabase_auth_admin
--

CREATE INDEX one_time_tokens_relates_to_hash_idx ON auth.one_time_tokens USING hash (relates_to);


--
-- Name: one_time_tokens_token_hash_hash_idx; Type: INDEX; Schema: auth; Owner: supabase_auth_admin
--

CREATE INDEX one_time_tokens_token_hash_hash_idx ON auth.one_time_tokens USING hash (token_hash);


--
-- Name: one_time_tokens_user_id_token_type_key; Type: INDEX; Schema: auth; Owner: supabase_auth_admin
--

CREATE UNIQUE INDEX one_time_tokens_user_id_token_type_key ON auth.one_time_tokens USING btree (user_id, token_type);


--
-- Name: reauthentication_token_idx; Type: INDEX; Schema: auth; Owner: supabase_auth_admin
--

CREATE UNIQUE INDEX reauthentication_token_idx ON auth.users USING btree (reauthentication_token) WHERE ((reauthentication_token)::text !~ '^[0-9 ]*$'::text);


--
-- Name: recovery_token_idx; Type: INDEX; Schema: auth; Owner: supabase_auth_admin
--

CREATE UNIQUE INDEX recovery_token_idx ON auth.users USING btree (recovery_token) WHERE ((recovery_token)::text !~ '^[0-9 ]*$'::text);


--
-- Name: refresh_tokens_instance_id_idx; Type: INDEX; Schema: auth; Owner: supabase_auth_admin
--

CREATE INDEX refresh_tokens_instance_id_idx ON auth.refresh_tokens USING btree (instance_id);


--
-- Name: refresh_tokens_instance_id_user_id_idx; Type: INDEX; Schema: auth; Owner: supabase_auth_admin
--

CREATE INDEX refresh_tokens_instance_id_user_id_idx ON auth.refresh_tokens USING btree (instance_id, user_id);


--
-- Name: refresh_tokens_parent_idx; Type: INDEX; Schema: auth; Owner: supabase_auth_admin
--

CREATE INDEX refresh_tokens_parent_idx ON auth.refresh_tokens USING btree (parent);


--
-- Name: refresh_tokens_session_id_revoked_idx; Type: INDEX; Schema: auth; Owner: supabase_auth_admin
--

CREATE INDEX refresh_tokens_session_id_revoked_idx ON auth.refresh_tokens USING btree (session_id, revoked);


--
-- Name: refresh_tokens_updated_at_idx; Type: INDEX; Schema: auth; Owner: supabase_auth_admin
--

CREATE INDEX refresh_tokens_updated_at_idx ON auth.refresh_tokens USING btree (updated_at DESC);


--
-- Name: saml_providers_sso_provider_id_idx; Type: INDEX; Schema: auth; Owner: supabase_auth_admin
--

CREATE INDEX saml_providers_sso_provider_id_idx ON auth.saml_providers USING btree (sso_provider_id);


--
-- Name: saml_relay_states_created_at_idx; Type: INDEX; Schema: auth; Owner: supabase_auth_admin
--

CREATE INDEX saml_relay_states_created_at_idx ON auth.saml_relay_states USING btree (created_at DESC);


--
-- Name: saml_relay_states_for_email_idx; Type: INDEX; Schema: auth; Owner: supabase_auth_admin
--

CREATE INDEX saml_relay_states_for_email_idx ON auth.saml_relay_states USING btree (for_email);


--
-- Name: saml_relay_states_sso_provider_id_idx; Type: INDEX; Schema: auth; Owner: supabase_auth_admin
--

CREATE INDEX saml_relay_states_sso_provider_id_idx ON auth.saml_relay_states USING btree (sso_provider_id);


--
-- Name: sessions_not_after_idx; Type: INDEX; Schema: auth; Owner: supabase_auth_admin
--

CREATE INDEX sessions_not_after_idx ON auth.sessions USING btree (not_after DESC);


--
-- Name: sessions_user_id_idx; Type: INDEX; Schema: auth; Owner: supabase_auth_admin
--

CREATE INDEX sessions_user_id_idx ON auth.sessions USING btree (user_id);


--
-- Name: sso_domains_domain_idx; Type: INDEX; Schema: auth; Owner: supabase_auth_admin
--

CREATE UNIQUE INDEX sso_domains_domain_idx ON auth.sso_domains USING btree (lower(domain));


--
-- Name: sso_domains_sso_provider_id_idx; Type: INDEX; Schema: auth; Owner: supabase_auth_admin
--

CREATE INDEX sso_domains_sso_provider_id_idx ON auth.sso_domains USING btree (sso_provider_id);


--
-- Name: sso_providers_resource_id_idx; Type: INDEX; Schema: auth; Owner: supabase_auth_admin
--

CREATE UNIQUE INDEX sso_providers_resource_id_idx ON auth.sso_providers USING btree (lower(resource_id));


--
-- Name: unique_phone_factor_per_user; Type: INDEX; Schema: auth; Owner: supabase_auth_admin
--

CREATE UNIQUE INDEX unique_phone_factor_per_user ON auth.mfa_factors USING btree (user_id, phone);


--
-- Name: user_id_created_at_idx; Type: INDEX; Schema: auth; Owner: supabase_auth_admin
--

CREATE INDEX user_id_created_at_idx ON auth.sessions USING btree (user_id, created_at);


--
-- Name: users_email_partial_key; Type: INDEX; Schema: auth; Owner: supabase_auth_admin
--

CREATE UNIQUE INDEX users_email_partial_key ON auth.users USING btree (email) WHERE (is_sso_user = false);


--
-- Name: INDEX users_email_partial_key; Type: COMMENT; Schema: auth; Owner: supabase_auth_admin
--

COMMENT ON INDEX auth.users_email_partial_key IS 'Auth: A partial unique index that applies only when is_sso_user is false';


--
-- Name: users_instance_id_email_idx; Type: INDEX; Schema: auth; Owner: supabase_auth_admin
--

CREATE INDEX users_instance_id_email_idx ON auth.users USING btree (instance_id, lower((email)::text));


--
-- Name: users_instance_id_idx; Type: INDEX; Schema: auth; Owner: supabase_auth_admin
--

CREATE INDEX users_instance_id_idx ON auth.users USING btree (instance_id);


--
-- Name: users_is_anonymous_idx; Type: INDEX; Schema: auth; Owner: supabase_auth_admin
--

CREATE INDEX users_is_anonymous_idx ON auth.users USING btree (is_anonymous);


--
-- Name: ix_realtime_subscription_entity; Type: INDEX; Schema: realtime; Owner: supabase_admin
--

CREATE INDEX ix_realtime_subscription_entity ON realtime.subscription USING hash (entity);


--
-- Name: messages_topic_index; Type: INDEX; Schema: realtime; Owner: supabase_realtime_admin
--

CREATE INDEX messages_topic_index ON realtime.messages USING btree (topic);


--
-- Name: subscription_subscription_id_entity_filters_key; Type: INDEX; Schema: realtime; Owner: supabase_admin
--

CREATE UNIQUE INDEX subscription_subscription_id_entity_filters_key ON realtime.subscription USING btree (subscription_id, entity, filters);


--
-- Name: bname; Type: INDEX; Schema: storage; Owner: supabase_storage_admin
--

CREATE UNIQUE INDEX bname ON storage.buckets USING btree (name);


--
-- Name: bucketid_objname; Type: INDEX; Schema: storage; Owner: supabase_storage_admin
--

CREATE UNIQUE INDEX bucketid_objname ON storage.objects USING btree (bucket_id, name);


--
-- Name: idx_multipart_uploads_list; Type: INDEX; Schema: storage; Owner: supabase_storage_admin
--

CREATE INDEX idx_multipart_uploads_list ON storage.s3_multipart_uploads USING btree (bucket_id, key, created_at);


--
-- Name: idx_objects_bucket_id_name; Type: INDEX; Schema: storage; Owner: supabase_storage_admin
--

CREATE INDEX idx_objects_bucket_id_name ON storage.objects USING btree (bucket_id, name COLLATE "C");


--
-- Name: name_prefix_search; Type: INDEX; Schema: storage; Owner: supabase_storage_admin
--

CREATE INDEX name_prefix_search ON storage.objects USING btree (name text_pattern_ops);


--
-- Name: subscription tr_check_filters; Type: TRIGGER; Schema: realtime; Owner: supabase_admin
--

CREATE TRIGGER tr_check_filters BEFORE INSERT OR UPDATE ON realtime.subscription FOR EACH ROW EXECUTE FUNCTION realtime.subscription_check_filters();


--
-- Name: objects update_objects_updated_at; Type: TRIGGER; Schema: storage; Owner: supabase_storage_admin
--

CREATE TRIGGER update_objects_updated_at BEFORE UPDATE ON storage.objects FOR EACH ROW EXECUTE FUNCTION storage.update_updated_at_column();


--
-- Name: identities identities_user_id_fkey; Type: FK CONSTRAINT; Schema: auth; Owner: supabase_auth_admin
--

ALTER TABLE ONLY auth.identities
    ADD CONSTRAINT identities_user_id_fkey FOREIGN KEY (user_id) REFERENCES auth.users(id) ON DELETE CASCADE;


--
-- Name: mfa_amr_claims mfa_amr_claims_session_id_fkey; Type: FK CONSTRAINT; Schema: auth; Owner: supabase_auth_admin
--

ALTER TABLE ONLY auth.mfa_amr_claims
    ADD CONSTRAINT mfa_amr_claims_session_id_fkey FOREIGN KEY (session_id) REFERENCES auth.sessions(id) ON DELETE CASCADE;


--
-- Name: mfa_challenges mfa_challenges_auth_factor_id_fkey; Type: FK CONSTRAINT; Schema: auth; Owner: supabase_auth_admin
--

ALTER TABLE ONLY auth.mfa_challenges
    ADD CONSTRAINT mfa_challenges_auth_factor_id_fkey FOREIGN KEY (factor_id) REFERENCES auth.mfa_factors(id) ON DELETE CASCADE;


--
-- Name: mfa_factors mfa_factors_user_id_fkey; Type: FK CONSTRAINT; Schema: auth; Owner: supabase_auth_admin
--

ALTER TABLE ONLY auth.mfa_factors
    ADD CONSTRAINT mfa_factors_user_id_fkey FOREIGN KEY (user_id) REFERENCES auth.users(id) ON DELETE CASCADE;


--
-- Name: one_time_tokens one_time_tokens_user_id_fkey; Type: FK CONSTRAINT; Schema: auth; Owner: supabase_auth_admin
--

ALTER TABLE ONLY auth.one_time_tokens
    ADD CONSTRAINT one_time_tokens_user_id_fkey FOREIGN KEY (user_id) REFERENCES auth.users(id) ON DELETE CASCADE;


--
-- Name: refresh_tokens refresh_tokens_session_id_fkey; Type: FK CONSTRAINT; Schema: auth; Owner: supabase_auth_admin
--

ALTER TABLE ONLY auth.refresh_tokens
    ADD CONSTRAINT refresh_tokens_session_id_fkey FOREIGN KEY (session_id) REFERENCES auth.sessions(id) ON DELETE CASCADE;


--
-- Name: saml_providers saml_providers_sso_provider_id_fkey; Type: FK CONSTRAINT; Schema: auth; Owner: supabase_auth_admin
--

ALTER TABLE ONLY auth.saml_providers
    ADD CONSTRAINT saml_providers_sso_provider_id_fkey FOREIGN KEY (sso_provider_id) REFERENCES auth.sso_providers(id) ON DELETE CASCADE;


--
-- Name: saml_relay_states saml_relay_states_flow_state_id_fkey; Type: FK CONSTRAINT; Schema: auth; Owner: supabase_auth_admin
--

ALTER TABLE ONLY auth.saml_relay_states
    ADD CONSTRAINT saml_relay_states_flow_state_id_fkey FOREIGN KEY (flow_state_id) REFERENCES auth.flow_state(id) ON DELETE CASCADE;


--
-- Name: saml_relay_states saml_relay_states_sso_provider_id_fkey; Type: FK CONSTRAINT; Schema: auth; Owner: supabase_auth_admin
--

ALTER TABLE ONLY auth.saml_relay_states
    ADD CONSTRAINT saml_relay_states_sso_provider_id_fkey FOREIGN KEY (sso_provider_id) REFERENCES auth.sso_providers(id) ON DELETE CASCADE;


--
-- Name: sessions sessions_user_id_fkey; Type: FK CONSTRAINT; Schema: auth; Owner: supabase_auth_admin
--

ALTER TABLE ONLY auth.sessions
    ADD CONSTRAINT sessions_user_id_fkey FOREIGN KEY (user_id) REFERENCES auth.users(id) ON DELETE CASCADE;


--
-- Name: sso_domains sso_domains_sso_provider_id_fkey; Type: FK CONSTRAINT; Schema: auth; Owner: supabase_auth_admin
--

ALTER TABLE ONLY auth.sso_domains
    ADD CONSTRAINT sso_domains_sso_provider_id_fkey FOREIGN KEY (sso_provider_id) REFERENCES auth.sso_providers(id) ON DELETE CASCADE;


--
-- Name: bookings bookings_cabinId_fkey; Type: FK CONSTRAINT; Schema: public; Owner: postgres
--

ALTER TABLE ONLY public.bookings
    ADD CONSTRAINT "bookings_cabinId_fkey" FOREIGN KEY ("cabinId") REFERENCES public.cabins(id);


--
-- Name: bookings bookings_guestId_fkey; Type: FK CONSTRAINT; Schema: public; Owner: postgres
--

ALTER TABLE ONLY public.bookings
    ADD CONSTRAINT "bookings_guestId_fkey" FOREIGN KEY ("guestId") REFERENCES public.guests(id);


--
-- Name: objects objects_bucketId_fkey; Type: FK CONSTRAINT; Schema: storage; Owner: supabase_storage_admin
--

ALTER TABLE ONLY storage.objects
    ADD CONSTRAINT "objects_bucketId_fkey" FOREIGN KEY (bucket_id) REFERENCES storage.buckets(id);


--
-- Name: s3_multipart_uploads s3_multipart_uploads_bucket_id_fkey; Type: FK CONSTRAINT; Schema: storage; Owner: supabase_storage_admin
--

ALTER TABLE ONLY storage.s3_multipart_uploads
    ADD CONSTRAINT s3_multipart_uploads_bucket_id_fkey FOREIGN KEY (bucket_id) REFERENCES storage.buckets(id);


--
-- Name: s3_multipart_uploads_parts s3_multipart_uploads_parts_bucket_id_fkey; Type: FK CONSTRAINT; Schema: storage; Owner: supabase_storage_admin
--

ALTER TABLE ONLY storage.s3_multipart_uploads_parts
    ADD CONSTRAINT s3_multipart_uploads_parts_bucket_id_fkey FOREIGN KEY (bucket_id) REFERENCES storage.buckets(id);


--
-- Name: s3_multipart_uploads_parts s3_multipart_uploads_parts_upload_id_fkey; Type: FK CONSTRAINT; Schema: storage; Owner: supabase_storage_admin
--

ALTER TABLE ONLY storage.s3_multipart_uploads_parts
    ADD CONSTRAINT s3_multipart_uploads_parts_upload_id_fkey FOREIGN KEY (upload_id) REFERENCES storage.s3_multipart_uploads(id) ON DELETE CASCADE;


--
-- Name: audit_log_entries; Type: ROW SECURITY; Schema: auth; Owner: supabase_auth_admin
--

ALTER TABLE auth.audit_log_entries ENABLE ROW LEVEL SECURITY;

--
-- Name: flow_state; Type: ROW SECURITY; Schema: auth; Owner: supabase_auth_admin
--

ALTER TABLE auth.flow_state ENABLE ROW LEVEL SECURITY;

--
-- Name: identities; Type: ROW SECURITY; Schema: auth; Owner: supabase_auth_admin
--

ALTER TABLE auth.identities ENABLE ROW LEVEL SECURITY;

--
-- Name: instances; Type: ROW SECURITY; Schema: auth; Owner: supabase_auth_admin
--

ALTER TABLE auth.instances ENABLE ROW LEVEL SECURITY;

--
-- Name: mfa_amr_claims; Type: ROW SECURITY; Schema: auth; Owner: supabase_auth_admin
--

ALTER TABLE auth.mfa_amr_claims ENABLE ROW LEVEL SECURITY;

--
-- Name: mfa_challenges; Type: ROW SECURITY; Schema: auth; Owner: supabase_auth_admin
--

ALTER TABLE auth.mfa_challenges ENABLE ROW LEVEL SECURITY;

--
-- Name: mfa_factors; Type: ROW SECURITY; Schema: auth; Owner: supabase_auth_admin
--

ALTER TABLE auth.mfa_factors ENABLE ROW LEVEL SECURITY;

--
-- Name: one_time_tokens; Type: ROW SECURITY; Schema: auth; Owner: supabase_auth_admin
--

ALTER TABLE auth.one_time_tokens ENABLE ROW LEVEL SECURITY;

--
-- Name: refresh_tokens; Type: ROW SECURITY; Schema: auth; Owner: supabase_auth_admin
--

ALTER TABLE auth.refresh_tokens ENABLE ROW LEVEL SECURITY;

--
-- Name: saml_providers; Type: ROW SECURITY; Schema: auth; Owner: supabase_auth_admin
--

ALTER TABLE auth.saml_providers ENABLE ROW LEVEL SECURITY;

--
-- Name: saml_relay_states; Type: ROW SECURITY; Schema: auth; Owner: supabase_auth_admin
--

ALTER TABLE auth.saml_relay_states ENABLE ROW LEVEL SECURITY;

--
-- Name: schema_migrations; Type: ROW SECURITY; Schema: auth; Owner: supabase_auth_admin
--

ALTER TABLE auth.schema_migrations ENABLE ROW LEVEL SECURITY;

--
-- Name: sessions; Type: ROW SECURITY; Schema: auth; Owner: supabase_auth_admin
--

ALTER TABLE auth.sessions ENABLE ROW LEVEL SECURITY;

--
-- Name: sso_domains; Type: ROW SECURITY; Schema: auth; Owner: supabase_auth_admin
--

ALTER TABLE auth.sso_domains ENABLE ROW LEVEL SECURITY;

--
-- Name: sso_providers; Type: ROW SECURITY; Schema: auth; Owner: supabase_auth_admin
--

ALTER TABLE auth.sso_providers ENABLE ROW LEVEL SECURITY;

--
-- Name: users; Type: ROW SECURITY; Schema: auth; Owner: supabase_auth_admin
--

ALTER TABLE auth.users ENABLE ROW LEVEL SECURITY;

--
-- Name: cabins Enable create for all users; Type: POLICY; Schema: public; Owner: postgres
--

CREATE POLICY "Enable create for all users" ON public.cabins FOR INSERT TO authenticated WITH CHECK (true);


--
-- Name: bookings Enable delete for all users; Type: POLICY; Schema: public; Owner: postgres
--

CREATE POLICY "Enable delete for all users" ON public.bookings FOR DELETE TO authenticated USING (true);


--
-- Name: guests Enable delete for all users; Type: POLICY; Schema: public; Owner: postgres
--

CREATE POLICY "Enable delete for all users" ON public.guests FOR DELETE TO authenticated USING (true);


--
-- Name: cabins Enable delete for users based on user_id; Type: POLICY; Schema: public; Owner: postgres
--

CREATE POLICY "Enable delete for users based on user_id" ON public.cabins FOR DELETE TO authenticated USING (true);


--
-- Name: bookings Enable insert for all users; Type: POLICY; Schema: public; Owner: postgres
--

CREATE POLICY "Enable insert for all users" ON public.bookings FOR INSERT TO authenticated WITH CHECK (true);


--
-- Name: guests Enable insert for all users; Type: POLICY; Schema: public; Owner: postgres
--

CREATE POLICY "Enable insert for all users" ON public.guests FOR INSERT TO authenticated WITH CHECK (true);


--
-- Name: bookings Enable read access for all users; Type: POLICY; Schema: public; Owner: postgres
--

CREATE POLICY "Enable read access for all users" ON public.bookings FOR SELECT TO authenticated USING (true);


--
-- Name: cabins Enable read access for all users; Type: POLICY; Schema: public; Owner: postgres
--

CREATE POLICY "Enable read access for all users" ON public.cabins FOR SELECT TO authenticated USING (true);


--
-- Name: guests Enable read access for all users; Type: POLICY; Schema: public; Owner: postgres
--

CREATE POLICY "Enable read access for all users" ON public.guests FOR SELECT TO authenticated USING (true);


--
-- Name: settings Enable read access for all users; Type: POLICY; Schema: public; Owner: postgres
--

CREATE POLICY "Enable read access for all users" ON public.settings FOR SELECT TO authenticated USING (true);


--
-- Name: settings Enable update access for all users; Type: POLICY; Schema: public; Owner: postgres
--

CREATE POLICY "Enable update access for all users" ON public.settings FOR UPDATE TO authenticated USING (true) WITH CHECK (true);


--
-- Name: bookings Enable update for all users; Type: POLICY; Schema: public; Owner: postgres
--

CREATE POLICY "Enable update for all users" ON public.bookings FOR UPDATE TO authenticated USING (true) WITH CHECK (true);


--
-- Name: cabins Enable update for all users; Type: POLICY; Schema: public; Owner: postgres
--

CREATE POLICY "Enable update for all users" ON public.cabins FOR UPDATE TO authenticated USING (true);


--
-- Name: guests Enable update for all users; Type: POLICY; Schema: public; Owner: postgres
--

CREATE POLICY "Enable update for all users" ON public.guests FOR UPDATE TO authenticated USING (true) WITH CHECK (true);


--
-- Name: bookings; Type: ROW SECURITY; Schema: public; Owner: postgres
--

ALTER TABLE public.bookings ENABLE ROW LEVEL SECURITY;

--
-- Name: cabins; Type: ROW SECURITY; Schema: public; Owner: postgres
--

ALTER TABLE public.cabins ENABLE ROW LEVEL SECURITY;

--
-- Name: guests; Type: ROW SECURITY; Schema: public; Owner: postgres
--

ALTER TABLE public.guests ENABLE ROW LEVEL SECURITY;

--
-- Name: settings; Type: ROW SECURITY; Schema: public; Owner: postgres
--

ALTER TABLE public.settings ENABLE ROW LEVEL SECURITY;

--
-- Name: messages; Type: ROW SECURITY; Schema: realtime; Owner: supabase_realtime_admin
--

ALTER TABLE realtime.messages ENABLE ROW LEVEL SECURITY;

--
-- Name: objects Allow access for authenticated users 1oj01fe_0; Type: POLICY; Schema: storage; Owner: supabase_storage_admin
--

CREATE POLICY "Allow access for authenticated users 1oj01fe_0" ON storage.objects FOR SELECT TO authenticated USING ((bucket_id = 'avatars'::text));


--
-- Name: objects Allow access for authenticated users 1oj01fe_1; Type: POLICY; Schema: storage; Owner: supabase_storage_admin
--

CREATE POLICY "Allow access for authenticated users 1oj01fe_1" ON storage.objects FOR INSERT TO authenticated WITH CHECK ((bucket_id = 'avatars'::text));


--
-- Name: objects Allow access for authenticated users 1oj01fe_2; Type: POLICY; Schema: storage; Owner: supabase_storage_admin
--

CREATE POLICY "Allow access for authenticated users 1oj01fe_2" ON storage.objects FOR UPDATE TO authenticated USING ((bucket_id = 'avatars'::text));


--
-- Name: objects Allow access for authenticated users 1oj01fe_3; Type: POLICY; Schema: storage; Owner: supabase_storage_admin
--

CREATE POLICY "Allow access for authenticated users 1oj01fe_3" ON storage.objects FOR DELETE TO authenticated USING ((bucket_id = 'avatars'::text));


--
-- Name: objects Allow all operations qy2d3w_0; Type: POLICY; Schema: storage; Owner: supabase_storage_admin
--

CREATE POLICY "Allow all operations qy2d3w_0" ON storage.objects FOR SELECT USING ((bucket_id = 'cabin-images'::text));


--
-- Name: objects Allow all operations qy2d3w_1; Type: POLICY; Schema: storage; Owner: supabase_storage_admin
--

CREATE POLICY "Allow all operations qy2d3w_1" ON storage.objects FOR INSERT WITH CHECK ((bucket_id = 'cabin-images'::text));


--
-- Name: objects Allow all operations qy2d3w_2; Type: POLICY; Schema: storage; Owner: supabase_storage_admin
--

CREATE POLICY "Allow all operations qy2d3w_2" ON storage.objects FOR UPDATE USING ((bucket_id = 'cabin-images'::text));


--
-- Name: objects Allow all operations qy2d3w_3; Type: POLICY; Schema: storage; Owner: supabase_storage_admin
--

CREATE POLICY "Allow all operations qy2d3w_3" ON storage.objects FOR DELETE USING ((bucket_id = 'cabin-images'::text));


--
-- Name: buckets; Type: ROW SECURITY; Schema: storage; Owner: supabase_storage_admin
--

ALTER TABLE storage.buckets ENABLE ROW LEVEL SECURITY;

--
-- Name: migrations; Type: ROW SECURITY; Schema: storage; Owner: supabase_storage_admin
--

ALTER TABLE storage.migrations ENABLE ROW LEVEL SECURITY;

--
-- Name: objects; Type: ROW SECURITY; Schema: storage; Owner: supabase_storage_admin
--

ALTER TABLE storage.objects ENABLE ROW LEVEL SECURITY;

--
-- Name: s3_multipart_uploads; Type: ROW SECURITY; Schema: storage; Owner: supabase_storage_admin
--

ALTER TABLE storage.s3_multipart_uploads ENABLE ROW LEVEL SECURITY;

--
-- Name: s3_multipart_uploads_parts; Type: ROW SECURITY; Schema: storage; Owner: supabase_storage_admin
--

ALTER TABLE storage.s3_multipart_uploads_parts ENABLE ROW LEVEL SECURITY;

--
-- Name: supabase_realtime; Type: PUBLICATION; Schema: -; Owner: postgres
--

CREATE PUBLICATION supabase_realtime WITH (publish = 'insert, update, delete, truncate');


ALTER PUBLICATION supabase_realtime OWNER TO postgres;

--
-- Name: SCHEMA auth; Type: ACL; Schema: -; Owner: supabase_admin
--

GRANT USAGE ON SCHEMA auth TO anon;
GRANT USAGE ON SCHEMA auth TO authenticated;
GRANT USAGE ON SCHEMA auth TO service_role;
GRANT ALL ON SCHEMA auth TO supabase_auth_admin;
GRANT ALL ON SCHEMA auth TO dashboard_user;
GRANT ALL ON SCHEMA auth TO postgres;


--
-- Name: SCHEMA extensions; Type: ACL; Schema: -; Owner: postgres
--

GRANT USAGE ON SCHEMA extensions TO anon;
GRANT USAGE ON SCHEMA extensions TO authenticated;
GRANT USAGE ON SCHEMA extensions TO service_role;
GRANT ALL ON SCHEMA extensions TO dashboard_user;


--
-- Name: SCHEMA public; Type: ACL; Schema: -; Owner: pg_database_owner
--

GRANT USAGE ON SCHEMA public TO postgres;
GRANT USAGE ON SCHEMA public TO anon;
GRANT USAGE ON SCHEMA public TO authenticated;
GRANT USAGE ON SCHEMA public TO service_role;


--
-- Name: SCHEMA realtime; Type: ACL; Schema: -; Owner: supabase_admin
--

GRANT USAGE ON SCHEMA realtime TO postgres;
GRANT USAGE ON SCHEMA realtime TO anon;
GRANT USAGE ON SCHEMA realtime TO authenticated;
GRANT USAGE ON SCHEMA realtime TO service_role;
GRANT ALL ON SCHEMA realtime TO supabase_realtime_admin;


--
-- Name: SCHEMA storage; Type: ACL; Schema: -; Owner: supabase_admin
--

GRANT ALL ON SCHEMA storage TO postgres;
GRANT USAGE ON SCHEMA storage TO anon;
GRANT USAGE ON SCHEMA storage TO authenticated;
GRANT USAGE ON SCHEMA storage TO service_role;
GRANT ALL ON SCHEMA storage TO supabase_storage_admin;
GRANT ALL ON SCHEMA storage TO dashboard_user;


--
-- Name: FUNCTION email(); Type: ACL; Schema: auth; Owner: supabase_auth_admin
--

GRANT ALL ON FUNCTION auth.email() TO dashboard_user;
GRANT ALL ON FUNCTION auth.email() TO postgres;


--
-- Name: FUNCTION jwt(); Type: ACL; Schema: auth; Owner: supabase_auth_admin
--

GRANT ALL ON FUNCTION auth.jwt() TO postgres;
GRANT ALL ON FUNCTION auth.jwt() TO dashboard_user;


--
-- Name: FUNCTION role(); Type: ACL; Schema: auth; Owner: supabase_auth_admin
--

GRANT ALL ON FUNCTION auth.role() TO dashboard_user;
GRANT ALL ON FUNCTION auth.role() TO postgres;


--
-- Name: FUNCTION uid(); Type: ACL; Schema: auth; Owner: supabase_auth_admin
--

GRANT ALL ON FUNCTION auth.uid() TO dashboard_user;
GRANT ALL ON FUNCTION auth.uid() TO postgres;


--
-- Name: FUNCTION algorithm_sign(signables text, secret text, algorithm text); Type: ACL; Schema: extensions; Owner: supabase_admin
--

GRANT ALL ON FUNCTION extensions.algorithm_sign(signables text, secret text, algorithm text) TO postgres WITH GRANT OPTION;
GRANT ALL ON FUNCTION extensions.algorithm_sign(signables text, secret text, algorithm text) TO dashboard_user;


--
-- Name: FUNCTION armor(bytea); Type: ACL; Schema: extensions; Owner: supabase_admin
--

GRANT ALL ON FUNCTION extensions.armor(bytea) TO postgres WITH GRANT OPTION;
GRANT ALL ON FUNCTION extensions.armor(bytea) TO dashboard_user;


--
-- Name: FUNCTION armor(bytea, text[], text[]); Type: ACL; Schema: extensions; Owner: supabase_admin
--

GRANT ALL ON FUNCTION extensions.armor(bytea, text[], text[]) TO postgres WITH GRANT OPTION;
GRANT ALL ON FUNCTION extensions.armor(bytea, text[], text[]) TO dashboard_user;


--
-- Name: FUNCTION crypt(text, text); Type: ACL; Schema: extensions; Owner: supabase_admin
--

GRANT ALL ON FUNCTION extensions.crypt(text, text) TO postgres WITH GRANT OPTION;
GRANT ALL ON FUNCTION extensions.crypt(text, text) TO dashboard_user;


--
-- Name: FUNCTION dearmor(text); Type: ACL; Schema: extensions; Owner: supabase_admin
--

GRANT ALL ON FUNCTION extensions.dearmor(text) TO postgres WITH GRANT OPTION;
GRANT ALL ON FUNCTION extensions.dearmor(text) TO dashboard_user;


--
-- Name: FUNCTION decrypt(bytea, bytea, text); Type: ACL; Schema: extensions; Owner: supabase_admin
--

GRANT ALL ON FUNCTION extensions.decrypt(bytea, bytea, text) TO postgres WITH GRANT OPTION;
GRANT ALL ON FUNCTION extensions.decrypt(bytea, bytea, text) TO dashboard_user;


--
-- Name: FUNCTION decrypt_iv(bytea, bytea, bytea, text); Type: ACL; Schema: extensions; Owner: supabase_admin
--

GRANT ALL ON FUNCTION extensions.decrypt_iv(bytea, bytea, bytea, text) TO postgres WITH GRANT OPTION;
GRANT ALL ON FUNCTION extensions.decrypt_iv(bytea, bytea, bytea, text) TO dashboard_user;


--
-- Name: FUNCTION digest(bytea, text); Type: ACL; Schema: extensions; Owner: supabase_admin
--

GRANT ALL ON FUNCTION extensions.digest(bytea, text) TO postgres WITH GRANT OPTION;
GRANT ALL ON FUNCTION extensions.digest(bytea, text) TO dashboard_user;


--
-- Name: FUNCTION digest(text, text); Type: ACL; Schema: extensions; Owner: supabase_admin
--

GRANT ALL ON FUNCTION extensions.digest(text, text) TO postgres WITH GRANT OPTION;
GRANT ALL ON FUNCTION extensions.digest(text, text) TO dashboard_user;


--
-- Name: FUNCTION encrypt(bytea, bytea, text); Type: ACL; Schema: extensions; Owner: supabase_admin
--

GRANT ALL ON FUNCTION extensions.encrypt(bytea, bytea, text) TO postgres WITH GRANT OPTION;
GRANT ALL ON FUNCTION extensions.encrypt(bytea, bytea, text) TO dashboard_user;


--
-- Name: FUNCTION encrypt_iv(bytea, bytea, bytea, text); Type: ACL; Schema: extensions; Owner: supabase_admin
--

GRANT ALL ON FUNCTION extensions.encrypt_iv(bytea, bytea, bytea, text) TO postgres WITH GRANT OPTION;
GRANT ALL ON FUNCTION extensions.encrypt_iv(bytea, bytea, bytea, text) TO dashboard_user;


--
-- Name: FUNCTION gen_random_bytes(integer); Type: ACL; Schema: extensions; Owner: supabase_admin
--

GRANT ALL ON FUNCTION extensions.gen_random_bytes(integer) TO postgres WITH GRANT OPTION;
GRANT ALL ON FUNCTION extensions.gen_random_bytes(integer) TO dashboard_user;


--
-- Name: FUNCTION gen_random_uuid(); Type: ACL; Schema: extensions; Owner: supabase_admin
--

GRANT ALL ON FUNCTION extensions.gen_random_uuid() TO postgres WITH GRANT OPTION;
GRANT ALL ON FUNCTION extensions.gen_random_uuid() TO dashboard_user;


--
-- Name: FUNCTION gen_salt(text); Type: ACL; Schema: extensions; Owner: supabase_admin
--

GRANT ALL ON FUNCTION extensions.gen_salt(text) TO postgres WITH GRANT OPTION;
GRANT ALL ON FUNCTION extensions.gen_salt(text) TO dashboard_user;


--
-- Name: FUNCTION gen_salt(text, integer); Type: ACL; Schema: extensions; Owner: supabase_admin
--

GRANT ALL ON FUNCTION extensions.gen_salt(text, integer) TO postgres WITH GRANT OPTION;
GRANT ALL ON FUNCTION extensions.gen_salt(text, integer) TO dashboard_user;


--
-- Name: FUNCTION grant_pg_cron_access(); Type: ACL; Schema: extensions; Owner: postgres
--

REVOKE ALL ON FUNCTION extensions.grant_pg_cron_access() FROM postgres;
GRANT ALL ON FUNCTION extensions.grant_pg_cron_access() TO postgres WITH GRANT OPTION;
GRANT ALL ON FUNCTION extensions.grant_pg_cron_access() TO dashboard_user;


--
-- Name: FUNCTION grant_pg_graphql_access(); Type: ACL; Schema: extensions; Owner: supabase_admin
--

GRANT ALL ON FUNCTION extensions.grant_pg_graphql_access() TO postgres WITH GRANT OPTION;


--
-- Name: FUNCTION grant_pg_net_access(); Type: ACL; Schema: extensions; Owner: postgres
--

REVOKE ALL ON FUNCTION extensions.grant_pg_net_access() FROM postgres;
GRANT ALL ON FUNCTION extensions.grant_pg_net_access() TO postgres WITH GRANT OPTION;
GRANT ALL ON FUNCTION extensions.grant_pg_net_access() TO dashboard_user;


--
-- Name: FUNCTION hmac(bytea, bytea, text); Type: ACL; Schema: extensions; Owner: supabase_admin
--

GRANT ALL ON FUNCTION extensions.hmac(bytea, bytea, text) TO postgres WITH GRANT OPTION;
GRANT ALL ON FUNCTION extensions.hmac(bytea, bytea, text) TO dashboard_user;


--
-- Name: FUNCTION hmac(text, text, text); Type: ACL; Schema: extensions; Owner: supabase_admin
--

GRANT ALL ON FUNCTION extensions.hmac(text, text, text) TO postgres WITH GRANT OPTION;
GRANT ALL ON FUNCTION extensions.hmac(text, text, text) TO dashboard_user;


--
-- Name: FUNCTION pg_stat_statements(showtext boolean, OUT userid oid, OUT dbid oid, OUT toplevel boolean, OUT queryid bigint, OUT query text, OUT plans bigint, OUT total_plan_time double precision, OUT min_plan_time double precision, OUT max_plan_time double precision, OUT mean_plan_time double precision, OUT stddev_plan_time double precision, OUT calls bigint, OUT total_exec_time double precision, OUT min_exec_time double precision, OUT max_exec_time double precision, OUT mean_exec_time double precision, OUT stddev_exec_time double precision, OUT rows bigint, OUT shared_blks_hit bigint, OUT shared_blks_read bigint, OUT shared_blks_dirtied bigint, OUT shared_blks_written bigint, OUT local_blks_hit bigint, OUT local_blks_read bigint, OUT local_blks_dirtied bigint, OUT local_blks_written bigint, OUT temp_blks_read bigint, OUT temp_blks_written bigint, OUT blk_read_time double precision, OUT blk_write_time double precision, OUT temp_blk_read_time double precision, OUT temp_blk_write_time double precision, OUT wal_records bigint, OUT wal_fpi bigint, OUT wal_bytes numeric, OUT jit_functions bigint, OUT jit_generation_time double precision, OUT jit_inlining_count bigint, OUT jit_inlining_time double precision, OUT jit_optimization_count bigint, OUT jit_optimization_time double precision, OUT jit_emission_count bigint, OUT jit_emission_time double precision); Type: ACL; Schema: extensions; Owner: supabase_admin
--

GRANT ALL ON FUNCTION extensions.pg_stat_statements(showtext boolean, OUT userid oid, OUT dbid oid, OUT toplevel boolean, OUT queryid bigint, OUT query text, OUT plans bigint, OUT total_plan_time double precision, OUT min_plan_time double precision, OUT max_plan_time double precision, OUT mean_plan_time double precision, OUT stddev_plan_time double precision, OUT calls bigint, OUT total_exec_time double precision, OUT min_exec_time double precision, OUT max_exec_time double precision, OUT mean_exec_time double precision, OUT stddev_exec_time double precision, OUT rows bigint, OUT shared_blks_hit bigint, OUT shared_blks_read bigint, OUT shared_blks_dirtied bigint, OUT shared_blks_written bigint, OUT local_blks_hit bigint, OUT local_blks_read bigint, OUT local_blks_dirtied bigint, OUT local_blks_written bigint, OUT temp_blks_read bigint, OUT temp_blks_written bigint, OUT blk_read_time double precision, OUT blk_write_time double precision, OUT temp_blk_read_time double precision, OUT temp_blk_write_time double precision, OUT wal_records bigint, OUT wal_fpi bigint, OUT wal_bytes numeric, OUT jit_functions bigint, OUT jit_generation_time double precision, OUT jit_inlining_count bigint, OUT jit_inlining_time double precision, OUT jit_optimization_count bigint, OUT jit_optimization_time double precision, OUT jit_emission_count bigint, OUT jit_emission_time double precision) TO postgres WITH GRANT OPTION;
GRANT ALL ON FUNCTION extensions.pg_stat_statements(showtext boolean, OUT userid oid, OUT dbid oid, OUT toplevel boolean, OUT queryid bigint, OUT query text, OUT plans bigint, OUT total_plan_time double precision, OUT min_plan_time double precision, OUT max_plan_time double precision, OUT mean_plan_time double precision, OUT stddev_plan_time double precision, OUT calls bigint, OUT total_exec_time double precision, OUT min_exec_time double precision, OUT max_exec_time double precision, OUT mean_exec_time double precision, OUT stddev_exec_time double precision, OUT rows bigint, OUT shared_blks_hit bigint, OUT shared_blks_read bigint, OUT shared_blks_dirtied bigint, OUT shared_blks_written bigint, OUT local_blks_hit bigint, OUT local_blks_read bigint, OUT local_blks_dirtied bigint, OUT local_blks_written bigint, OUT temp_blks_read bigint, OUT temp_blks_written bigint, OUT blk_read_time double precision, OUT blk_write_time double precision, OUT temp_blk_read_time double precision, OUT temp_blk_write_time double precision, OUT wal_records bigint, OUT wal_fpi bigint, OUT wal_bytes numeric, OUT jit_functions bigint, OUT jit_generation_time double precision, OUT jit_inlining_count bigint, OUT jit_inlining_time double precision, OUT jit_optimization_count bigint, OUT jit_optimization_time double precision, OUT jit_emission_count bigint, OUT jit_emission_time double precision) TO dashboard_user;


--
-- Name: FUNCTION pg_stat_statements_info(OUT dealloc bigint, OUT stats_reset timestamp with time zone); Type: ACL; Schema: extensions; Owner: supabase_admin
--

GRANT ALL ON FUNCTION extensions.pg_stat_statements_info(OUT dealloc bigint, OUT stats_reset timestamp with time zone) TO postgres WITH GRANT OPTION;
GRANT ALL ON FUNCTION extensions.pg_stat_statements_info(OUT dealloc bigint, OUT stats_reset timestamp with time zone) TO dashboard_user;


--
-- Name: FUNCTION pg_stat_statements_reset(userid oid, dbid oid, queryid bigint); Type: ACL; Schema: extensions; Owner: supabase_admin
--

GRANT ALL ON FUNCTION extensions.pg_stat_statements_reset(userid oid, dbid oid, queryid bigint) TO postgres WITH GRANT OPTION;
GRANT ALL ON FUNCTION extensions.pg_stat_statements_reset(userid oid, dbid oid, queryid bigint) TO dashboard_user;


--
-- Name: FUNCTION pgp_armor_headers(text, OUT key text, OUT value text); Type: ACL; Schema: extensions; Owner: supabase_admin
--

GRANT ALL ON FUNCTION extensions.pgp_armor_headers(text, OUT key text, OUT value text) TO postgres WITH GRANT OPTION;
GRANT ALL ON FUNCTION extensions.pgp_armor_headers(text, OUT key text, OUT value text) TO dashboard_user;


--
-- Name: FUNCTION pgp_key_id(bytea); Type: ACL; Schema: extensions; Owner: supabase_admin
--

GRANT ALL ON FUNCTION extensions.pgp_key_id(bytea) TO postgres WITH GRANT OPTION;
GRANT ALL ON FUNCTION extensions.pgp_key_id(bytea) TO dashboard_user;


--
-- Name: FUNCTION pgp_pub_decrypt(bytea, bytea); Type: ACL; Schema: extensions; Owner: supabase_admin
--

GRANT ALL ON FUNCTION extensions.pgp_pub_decrypt(bytea, bytea) TO postgres WITH GRANT OPTION;
GRANT ALL ON FUNCTION extensions.pgp_pub_decrypt(bytea, bytea) TO dashboard_user;


--
-- Name: FUNCTION pgp_pub_decrypt(bytea, bytea, text); Type: ACL; Schema: extensions; Owner: supabase_admin
--

GRANT ALL ON FUNCTION extensions.pgp_pub_decrypt(bytea, bytea, text) TO postgres WITH GRANT OPTION;
GRANT ALL ON FUNCTION extensions.pgp_pub_decrypt(bytea, bytea, text) TO dashboard_user;


--
-- Name: FUNCTION pgp_pub_decrypt(bytea, bytea, text, text); Type: ACL; Schema: extensions; Owner: supabase_admin
--

GRANT ALL ON FUNCTION extensions.pgp_pub_decrypt(bytea, bytea, text, text) TO postgres WITH GRANT OPTION;
GRANT ALL ON FUNCTION extensions.pgp_pub_decrypt(bytea, bytea, text, text) TO dashboard_user;


--
-- Name: FUNCTION pgp_pub_decrypt_bytea(bytea, bytea); Type: ACL; Schema: extensions; Owner: supabase_admin
--

GRANT ALL ON FUNCTION extensions.pgp_pub_decrypt_bytea(bytea, bytea) TO postgres WITH GRANT OPTION;
GRANT ALL ON FUNCTION extensions.pgp_pub_decrypt_bytea(bytea, bytea) TO dashboard_user;


--
-- Name: FUNCTION pgp_pub_decrypt_bytea(bytea, bytea, text); Type: ACL; Schema: extensions; Owner: supabase_admin
--

GRANT ALL ON FUNCTION extensions.pgp_pub_decrypt_bytea(bytea, bytea, text) TO postgres WITH GRANT OPTION;
GRANT ALL ON FUNCTION extensions.pgp_pub_decrypt_bytea(bytea, bytea, text) TO dashboard_user;


--
-- Name: FUNCTION pgp_pub_decrypt_bytea(bytea, bytea, text, text); Type: ACL; Schema: extensions; Owner: supabase_admin
--

GRANT ALL ON FUNCTION extensions.pgp_pub_decrypt_bytea(bytea, bytea, text, text) TO postgres WITH GRANT OPTION;
GRANT ALL ON FUNCTION extensions.pgp_pub_decrypt_bytea(bytea, bytea, text, text) TO dashboard_user;


--
-- Name: FUNCTION pgp_pub_encrypt(text, bytea); Type: ACL; Schema: extensions; Owner: supabase_admin
--

GRANT ALL ON FUNCTION extensions.pgp_pub_encrypt(text, bytea) TO postgres WITH GRANT OPTION;
GRANT ALL ON FUNCTION extensions.pgp_pub_encrypt(text, bytea) TO dashboard_user;


--
-- Name: FUNCTION pgp_pub_encrypt(text, bytea, text); Type: ACL; Schema: extensions; Owner: supabase_admin
--

GRANT ALL ON FUNCTION extensions.pgp_pub_encrypt(text, bytea, text) TO postgres WITH GRANT OPTION;
GRANT ALL ON FUNCTION extensions.pgp_pub_encrypt(text, bytea, text) TO dashboard_user;


--
-- Name: FUNCTION pgp_pub_encrypt_bytea(bytea, bytea); Type: ACL; Schema: extensions; Owner: supabase_admin
--

GRANT ALL ON FUNCTION extensions.pgp_pub_encrypt_bytea(bytea, bytea) TO postgres WITH GRANT OPTION;
GRANT ALL ON FUNCTION extensions.pgp_pub_encrypt_bytea(bytea, bytea) TO dashboard_user;


--
-- Name: FUNCTION pgp_pub_encrypt_bytea(bytea, bytea, text); Type: ACL; Schema: extensions; Owner: supabase_admin
--

GRANT ALL ON FUNCTION extensions.pgp_pub_encrypt_bytea(bytea, bytea, text) TO postgres WITH GRANT OPTION;
GRANT ALL ON FUNCTION extensions.pgp_pub_encrypt_bytea(bytea, bytea, text) TO dashboard_user;


--
-- Name: FUNCTION pgp_sym_decrypt(bytea, text); Type: ACL; Schema: extensions; Owner: supabase_admin
--

GRANT ALL ON FUNCTION extensions.pgp_sym_decrypt(bytea, text) TO postgres WITH GRANT OPTION;
GRANT ALL ON FUNCTION extensions.pgp_sym_decrypt(bytea, text) TO dashboard_user;


--
-- Name: FUNCTION pgp_sym_decrypt(bytea, text, text); Type: ACL; Schema: extensions; Owner: supabase_admin
--

GRANT ALL ON FUNCTION extensions.pgp_sym_decrypt(bytea, text, text) TO postgres WITH GRANT OPTION;
GRANT ALL ON FUNCTION extensions.pgp_sym_decrypt(bytea, text, text) TO dashboard_user;


--
-- Name: FUNCTION pgp_sym_decrypt_bytea(bytea, text); Type: ACL; Schema: extensions; Owner: supabase_admin
--

GRANT ALL ON FUNCTION extensions.pgp_sym_decrypt_bytea(bytea, text) TO postgres WITH GRANT OPTION;
GRANT ALL ON FUNCTION extensions.pgp_sym_decrypt_bytea(bytea, text) TO dashboard_user;


--
-- Name: FUNCTION pgp_sym_decrypt_bytea(bytea, text, text); Type: ACL; Schema: extensions; Owner: supabase_admin
--

GRANT ALL ON FUNCTION extensions.pgp_sym_decrypt_bytea(bytea, text, text) TO postgres WITH GRANT OPTION;
GRANT ALL ON FUNCTION extensions.pgp_sym_decrypt_bytea(bytea, text, text) TO dashboard_user;


--
-- Name: FUNCTION pgp_sym_encrypt(text, text); Type: ACL; Schema: extensions; Owner: supabase_admin
--

GRANT ALL ON FUNCTION extensions.pgp_sym_encrypt(text, text) TO postgres WITH GRANT OPTION;
GRANT ALL ON FUNCTION extensions.pgp_sym_encrypt(text, text) TO dashboard_user;


--
-- Name: FUNCTION pgp_sym_encrypt(text, text, text); Type: ACL; Schema: extensions; Owner: supabase_admin
--

GRANT ALL ON FUNCTION extensions.pgp_sym_encrypt(text, text, text) TO postgres WITH GRANT OPTION;
GRANT ALL ON FUNCTION extensions.pgp_sym_encrypt(text, text, text) TO dashboard_user;


--
-- Name: FUNCTION pgp_sym_encrypt_bytea(bytea, text); Type: ACL; Schema: extensions; Owner: supabase_admin
--

GRANT ALL ON FUNCTION extensions.pgp_sym_encrypt_bytea(bytea, text) TO postgres WITH GRANT OPTION;
GRANT ALL ON FUNCTION extensions.pgp_sym_encrypt_bytea(bytea, text) TO dashboard_user;


--
-- Name: FUNCTION pgp_sym_encrypt_bytea(bytea, text, text); Type: ACL; Schema: extensions; Owner: supabase_admin
--

GRANT ALL ON FUNCTION extensions.pgp_sym_encrypt_bytea(bytea, text, text) TO postgres WITH GRANT OPTION;
GRANT ALL ON FUNCTION extensions.pgp_sym_encrypt_bytea(bytea, text, text) TO dashboard_user;


--
-- Name: FUNCTION pgrst_ddl_watch(); Type: ACL; Schema: extensions; Owner: supabase_admin
--

GRANT ALL ON FUNCTION extensions.pgrst_ddl_watch() TO postgres WITH GRANT OPTION;


--
-- Name: FUNCTION pgrst_drop_watch(); Type: ACL; Schema: extensions; Owner: supabase_admin
--

GRANT ALL ON FUNCTION extensions.pgrst_drop_watch() TO postgres WITH GRANT OPTION;


--
-- Name: FUNCTION set_graphql_placeholder(); Type: ACL; Schema: extensions; Owner: supabase_admin
--

GRANT ALL ON FUNCTION extensions.set_graphql_placeholder() TO postgres WITH GRANT OPTION;


--
-- Name: FUNCTION sign(payload json, secret text, algorithm text); Type: ACL; Schema: extensions; Owner: supabase_admin
--

GRANT ALL ON FUNCTION extensions.sign(payload json, secret text, algorithm text) TO postgres WITH GRANT OPTION;
GRANT ALL ON FUNCTION extensions.sign(payload json, secret text, algorithm text) TO dashboard_user;


--
-- Name: FUNCTION try_cast_double(inp text); Type: ACL; Schema: extensions; Owner: supabase_admin
--

GRANT ALL ON FUNCTION extensions.try_cast_double(inp text) TO postgres WITH GRANT OPTION;
GRANT ALL ON FUNCTION extensions.try_cast_double(inp text) TO dashboard_user;


--
-- Name: FUNCTION url_decode(data text); Type: ACL; Schema: extensions; Owner: supabase_admin
--

GRANT ALL ON FUNCTION extensions.url_decode(data text) TO postgres WITH GRANT OPTION;
GRANT ALL ON FUNCTION extensions.url_decode(data text) TO dashboard_user;


--
-- Name: FUNCTION url_encode(data bytea); Type: ACL; Schema: extensions; Owner: supabase_admin
--

GRANT ALL ON FUNCTION extensions.url_encode(data bytea) TO postgres WITH GRANT OPTION;
GRANT ALL ON FUNCTION extensions.url_encode(data bytea) TO dashboard_user;


--
-- Name: FUNCTION uuid_generate_v1(); Type: ACL; Schema: extensions; Owner: supabase_admin
--

GRANT ALL ON FUNCTION extensions.uuid_generate_v1() TO postgres WITH GRANT OPTION;
GRANT ALL ON FUNCTION extensions.uuid_generate_v1() TO dashboard_user;


--
-- Name: FUNCTION uuid_generate_v1mc(); Type: ACL; Schema: extensions; Owner: supabase_admin
--

GRANT ALL ON FUNCTION extensions.uuid_generate_v1mc() TO postgres WITH GRANT OPTION;
GRANT ALL ON FUNCTION extensions.uuid_generate_v1mc() TO dashboard_user;


--
-- Name: FUNCTION uuid_generate_v3(namespace uuid, name text); Type: ACL; Schema: extensions; Owner: supabase_admin
--

GRANT ALL ON FUNCTION extensions.uuid_generate_v3(namespace uuid, name text) TO postgres WITH GRANT OPTION;
GRANT ALL ON FUNCTION extensions.uuid_generate_v3(namespace uuid, name text) TO dashboard_user;


--
-- Name: FUNCTION uuid_generate_v4(); Type: ACL; Schema: extensions; Owner: supabase_admin
--

GRANT ALL ON FUNCTION extensions.uuid_generate_v4() TO postgres WITH GRANT OPTION;
GRANT ALL ON FUNCTION extensions.uuid_generate_v4() TO dashboard_user;


--
-- Name: FUNCTION uuid_generate_v5(namespace uuid, name text); Type: ACL; Schema: extensions; Owner: supabase_admin
--

GRANT ALL ON FUNCTION extensions.uuid_generate_v5(namespace uuid, name text) TO postgres WITH GRANT OPTION;
GRANT ALL ON FUNCTION extensions.uuid_generate_v5(namespace uuid, name text) TO dashboard_user;


--
-- Name: FUNCTION uuid_nil(); Type: ACL; Schema: extensions; Owner: supabase_admin
--

GRANT ALL ON FUNCTION extensions.uuid_nil() TO postgres WITH GRANT OPTION;
GRANT ALL ON FUNCTION extensions.uuid_nil() TO dashboard_user;


--
-- Name: FUNCTION uuid_ns_dns(); Type: ACL; Schema: extensions; Owner: supabase_admin
--

GRANT ALL ON FUNCTION extensions.uuid_ns_dns() TO postgres WITH GRANT OPTION;
GRANT ALL ON FUNCTION extensions.uuid_ns_dns() TO dashboard_user;


--
-- Name: FUNCTION uuid_ns_oid(); Type: ACL; Schema: extensions; Owner: supabase_admin
--

GRANT ALL ON FUNCTION extensions.uuid_ns_oid() TO postgres WITH GRANT OPTION;
GRANT ALL ON FUNCTION extensions.uuid_ns_oid() TO dashboard_user;


--
-- Name: FUNCTION uuid_ns_url(); Type: ACL; Schema: extensions; Owner: supabase_admin
--

GRANT ALL ON FUNCTION extensions.uuid_ns_url() TO postgres WITH GRANT OPTION;
GRANT ALL ON FUNCTION extensions.uuid_ns_url() TO dashboard_user;


--
-- Name: FUNCTION uuid_ns_x500(); Type: ACL; Schema: extensions; Owner: supabase_admin
--

GRANT ALL ON FUNCTION extensions.uuid_ns_x500() TO postgres WITH GRANT OPTION;
GRANT ALL ON FUNCTION extensions.uuid_ns_x500() TO dashboard_user;


--
-- Name: FUNCTION verify(token text, secret text, algorithm text); Type: ACL; Schema: extensions; Owner: supabase_admin
--

GRANT ALL ON FUNCTION extensions.verify(token text, secret text, algorithm text) TO postgres WITH GRANT OPTION;
GRANT ALL ON FUNCTION extensions.verify(token text, secret text, algorithm text) TO dashboard_user;


--
-- Name: FUNCTION graphql("operationName" text, query text, variables jsonb, extensions jsonb); Type: ACL; Schema: graphql_public; Owner: supabase_admin
--

GRANT ALL ON FUNCTION graphql_public.graphql("operationName" text, query text, variables jsonb, extensions jsonb) TO postgres;
GRANT ALL ON FUNCTION graphql_public.graphql("operationName" text, query text, variables jsonb, extensions jsonb) TO anon;
GRANT ALL ON FUNCTION graphql_public.graphql("operationName" text, query text, variables jsonb, extensions jsonb) TO authenticated;
GRANT ALL ON FUNCTION graphql_public.graphql("operationName" text, query text, variables jsonb, extensions jsonb) TO service_role;


--
-- Name: FUNCTION get_auth(p_usename text); Type: ACL; Schema: pgbouncer; Owner: postgres
--

REVOKE ALL ON FUNCTION pgbouncer.get_auth(p_usename text) FROM PUBLIC;
GRANT ALL ON FUNCTION pgbouncer.get_auth(p_usename text) TO pgbouncer;


--
-- Name: FUNCTION crypto_aead_det_decrypt(message bytea, additional bytea, key_uuid uuid, nonce bytea); Type: ACL; Schema: pgsodium; Owner: pgsodium_keymaker
--

GRANT ALL ON FUNCTION pgsodium.crypto_aead_det_decrypt(message bytea, additional bytea, key_uuid uuid, nonce bytea) TO service_role;


--
-- Name: FUNCTION crypto_aead_det_encrypt(message bytea, additional bytea, key_uuid uuid, nonce bytea); Type: ACL; Schema: pgsodium; Owner: pgsodium_keymaker
--

GRANT ALL ON FUNCTION pgsodium.crypto_aead_det_encrypt(message bytea, additional bytea, key_uuid uuid, nonce bytea) TO service_role;


--
-- Name: FUNCTION crypto_aead_det_keygen(); Type: ACL; Schema: pgsodium; Owner: supabase_admin
--

GRANT ALL ON FUNCTION pgsodium.crypto_aead_det_keygen() TO service_role;


--
-- Name: FUNCTION apply_rls(wal jsonb, max_record_bytes integer); Type: ACL; Schema: realtime; Owner: supabase_admin
--

GRANT ALL ON FUNCTION realtime.apply_rls(wal jsonb, max_record_bytes integer) TO postgres;
GRANT ALL ON FUNCTION realtime.apply_rls(wal jsonb, max_record_bytes integer) TO dashboard_user;
GRANT ALL ON FUNCTION realtime.apply_rls(wal jsonb, max_record_bytes integer) TO anon;
GRANT ALL ON FUNCTION realtime.apply_rls(wal jsonb, max_record_bytes integer) TO authenticated;
GRANT ALL ON FUNCTION realtime.apply_rls(wal jsonb, max_record_bytes integer) TO service_role;
GRANT ALL ON FUNCTION realtime.apply_rls(wal jsonb, max_record_bytes integer) TO supabase_realtime_admin;


--
-- Name: FUNCTION build_prepared_statement_sql(prepared_statement_name text, entity regclass, columns realtime.wal_column[]); Type: ACL; Schema: realtime; Owner: supabase_admin
--

GRANT ALL ON FUNCTION realtime.build_prepared_statement_sql(prepared_statement_name text, entity regclass, columns realtime.wal_column[]) TO postgres;
GRANT ALL ON FUNCTION realtime.build_prepared_statement_sql(prepared_statement_name text, entity regclass, columns realtime.wal_column[]) TO dashboard_user;
GRANT ALL ON FUNCTION realtime.build_prepared_statement_sql(prepared_statement_name text, entity regclass, columns realtime.wal_column[]) TO anon;
GRANT ALL ON FUNCTION realtime.build_prepared_statement_sql(prepared_statement_name text, entity regclass, columns realtime.wal_column[]) TO authenticated;
GRANT ALL ON FUNCTION realtime.build_prepared_statement_sql(prepared_statement_name text, entity regclass, columns realtime.wal_column[]) TO service_role;
GRANT ALL ON FUNCTION realtime.build_prepared_statement_sql(prepared_statement_name text, entity regclass, columns realtime.wal_column[]) TO supabase_realtime_admin;


--
-- Name: FUNCTION "cast"(val text, type_ regtype); Type: ACL; Schema: realtime; Owner: supabase_admin
--

GRANT ALL ON FUNCTION realtime."cast"(val text, type_ regtype) TO postgres;
GRANT ALL ON FUNCTION realtime."cast"(val text, type_ regtype) TO dashboard_user;
GRANT ALL ON FUNCTION realtime."cast"(val text, type_ regtype) TO anon;
GRANT ALL ON FUNCTION realtime."cast"(val text, type_ regtype) TO authenticated;
GRANT ALL ON FUNCTION realtime."cast"(val text, type_ regtype) TO service_role;
GRANT ALL ON FUNCTION realtime."cast"(val text, type_ regtype) TO supabase_realtime_admin;


--
-- Name: FUNCTION check_equality_op(op realtime.equality_op, type_ regtype, val_1 text, val_2 text); Type: ACL; Schema: realtime; Owner: supabase_admin
--

GRANT ALL ON FUNCTION realtime.check_equality_op(op realtime.equality_op, type_ regtype, val_1 text, val_2 text) TO postgres;
GRANT ALL ON FUNCTION realtime.check_equality_op(op realtime.equality_op, type_ regtype, val_1 text, val_2 text) TO dashboard_user;
GRANT ALL ON FUNCTION realtime.check_equality_op(op realtime.equality_op, type_ regtype, val_1 text, val_2 text) TO anon;
GRANT ALL ON FUNCTION realtime.check_equality_op(op realtime.equality_op, type_ regtype, val_1 text, val_2 text) TO authenticated;
GRANT ALL ON FUNCTION realtime.check_equality_op(op realtime.equality_op, type_ regtype, val_1 text, val_2 text) TO service_role;
GRANT ALL ON FUNCTION realtime.check_equality_op(op realtime.equality_op, type_ regtype, val_1 text, val_2 text) TO supabase_realtime_admin;


--
-- Name: FUNCTION is_visible_through_filters(columns realtime.wal_column[], filters realtime.user_defined_filter[]); Type: ACL; Schema: realtime; Owner: supabase_admin
--

GRANT ALL ON FUNCTION realtime.is_visible_through_filters(columns realtime.wal_column[], filters realtime.user_defined_filter[]) TO postgres;
GRANT ALL ON FUNCTION realtime.is_visible_through_filters(columns realtime.wal_column[], filters realtime.user_defined_filter[]) TO dashboard_user;
GRANT ALL ON FUNCTION realtime.is_visible_through_filters(columns realtime.wal_column[], filters realtime.user_defined_filter[]) TO anon;
GRANT ALL ON FUNCTION realtime.is_visible_through_filters(columns realtime.wal_column[], filters realtime.user_defined_filter[]) TO authenticated;
GRANT ALL ON FUNCTION realtime.is_visible_through_filters(columns realtime.wal_column[], filters realtime.user_defined_filter[]) TO service_role;
GRANT ALL ON FUNCTION realtime.is_visible_through_filters(columns realtime.wal_column[], filters realtime.user_defined_filter[]) TO supabase_realtime_admin;


--
-- Name: FUNCTION list_changes(publication name, slot_name name, max_changes integer, max_record_bytes integer); Type: ACL; Schema: realtime; Owner: supabase_admin
--

GRANT ALL ON FUNCTION realtime.list_changes(publication name, slot_name name, max_changes integer, max_record_bytes integer) TO postgres;
GRANT ALL ON FUNCTION realtime.list_changes(publication name, slot_name name, max_changes integer, max_record_bytes integer) TO dashboard_user;
GRANT ALL ON FUNCTION realtime.list_changes(publication name, slot_name name, max_changes integer, max_record_bytes integer) TO anon;
GRANT ALL ON FUNCTION realtime.list_changes(publication name, slot_name name, max_changes integer, max_record_bytes integer) TO authenticated;
GRANT ALL ON FUNCTION realtime.list_changes(publication name, slot_name name, max_changes integer, max_record_bytes integer) TO service_role;
GRANT ALL ON FUNCTION realtime.list_changes(publication name, slot_name name, max_changes integer, max_record_bytes integer) TO supabase_realtime_admin;


--
-- Name: FUNCTION quote_wal2json(entity regclass); Type: ACL; Schema: realtime; Owner: supabase_admin
--

GRANT ALL ON FUNCTION realtime.quote_wal2json(entity regclass) TO postgres;
GRANT ALL ON FUNCTION realtime.quote_wal2json(entity regclass) TO dashboard_user;
GRANT ALL ON FUNCTION realtime.quote_wal2json(entity regclass) TO anon;
GRANT ALL ON FUNCTION realtime.quote_wal2json(entity regclass) TO authenticated;
GRANT ALL ON FUNCTION realtime.quote_wal2json(entity regclass) TO service_role;
GRANT ALL ON FUNCTION realtime.quote_wal2json(entity regclass) TO supabase_realtime_admin;


--
-- Name: FUNCTION subscription_check_filters(); Type: ACL; Schema: realtime; Owner: supabase_admin
--

GRANT ALL ON FUNCTION realtime.subscription_check_filters() TO postgres;
GRANT ALL ON FUNCTION realtime.subscription_check_filters() TO dashboard_user;
GRANT ALL ON FUNCTION realtime.subscription_check_filters() TO anon;
GRANT ALL ON FUNCTION realtime.subscription_check_filters() TO authenticated;
GRANT ALL ON FUNCTION realtime.subscription_check_filters() TO service_role;
GRANT ALL ON FUNCTION realtime.subscription_check_filters() TO supabase_realtime_admin;


--
-- Name: FUNCTION to_regrole(role_name text); Type: ACL; Schema: realtime; Owner: supabase_admin
--

GRANT ALL ON FUNCTION realtime.to_regrole(role_name text) TO postgres;
GRANT ALL ON FUNCTION realtime.to_regrole(role_name text) TO dashboard_user;
GRANT ALL ON FUNCTION realtime.to_regrole(role_name text) TO anon;
GRANT ALL ON FUNCTION realtime.to_regrole(role_name text) TO authenticated;
GRANT ALL ON FUNCTION realtime.to_regrole(role_name text) TO service_role;
GRANT ALL ON FUNCTION realtime.to_regrole(role_name text) TO supabase_realtime_admin;


--
-- Name: FUNCTION topic(); Type: ACL; Schema: realtime; Owner: supabase_realtime_admin
--

GRANT ALL ON FUNCTION realtime.topic() TO postgres;
GRANT ALL ON FUNCTION realtime.topic() TO dashboard_user;


--
-- Name: FUNCTION can_insert_object(bucketid text, name text, owner uuid, metadata jsonb); Type: ACL; Schema: storage; Owner: supabase_storage_admin
--

GRANT ALL ON FUNCTION storage.can_insert_object(bucketid text, name text, owner uuid, metadata jsonb) TO postgres;


--
-- Name: FUNCTION extension(name text); Type: ACL; Schema: storage; Owner: supabase_storage_admin
--

GRANT ALL ON FUNCTION storage.extension(name text) TO postgres;


--
-- Name: FUNCTION filename(name text); Type: ACL; Schema: storage; Owner: supabase_storage_admin
--

GRANT ALL ON FUNCTION storage.filename(name text) TO postgres;


--
-- Name: FUNCTION foldername(name text); Type: ACL; Schema: storage; Owner: supabase_storage_admin
--

GRANT ALL ON FUNCTION storage.foldername(name text) TO postgres;


--
-- Name: FUNCTION get_size_by_bucket(); Type: ACL; Schema: storage; Owner: supabase_storage_admin
--

GRANT ALL ON FUNCTION storage.get_size_by_bucket() TO postgres;


--
-- Name: FUNCTION list_multipart_uploads_with_delimiter(bucket_id text, prefix_param text, delimiter_param text, max_keys integer, next_key_token text, next_upload_token text); Type: ACL; Schema: storage; Owner: supabase_storage_admin
--

GRANT ALL ON FUNCTION storage.list_multipart_uploads_with_delimiter(bucket_id text, prefix_param text, delimiter_param text, max_keys integer, next_key_token text, next_upload_token text) TO postgres;


--
-- Name: FUNCTION list_objects_with_delimiter(bucket_id text, prefix_param text, delimiter_param text, max_keys integer, start_after text, next_token text); Type: ACL; Schema: storage; Owner: supabase_storage_admin
--

GRANT ALL ON FUNCTION storage.list_objects_with_delimiter(bucket_id text, prefix_param text, delimiter_param text, max_keys integer, start_after text, next_token text) TO postgres;


--
-- Name: FUNCTION operation(); Type: ACL; Schema: storage; Owner: supabase_storage_admin
--

GRANT ALL ON FUNCTION storage.operation() TO postgres;


--
-- Name: FUNCTION search(prefix text, bucketname text, limits integer, levels integer, offsets integer, search text, sortcolumn text, sortorder text); Type: ACL; Schema: storage; Owner: supabase_storage_admin
--

GRANT ALL ON FUNCTION storage.search(prefix text, bucketname text, limits integer, levels integer, offsets integer, search text, sortcolumn text, sortorder text) TO postgres;


--
-- Name: FUNCTION update_updated_at_column(); Type: ACL; Schema: storage; Owner: supabase_storage_admin
--

GRANT ALL ON FUNCTION storage.update_updated_at_column() TO postgres;


--
-- Name: TABLE audit_log_entries; Type: ACL; Schema: auth; Owner: supabase_auth_admin
--

GRANT ALL ON TABLE auth.audit_log_entries TO dashboard_user;
GRANT INSERT,REFERENCES,DELETE,TRIGGER,TRUNCATE,UPDATE ON TABLE auth.audit_log_entries TO postgres;
GRANT SELECT ON TABLE auth.audit_log_entries TO postgres WITH GRANT OPTION;


--
-- Name: TABLE flow_state; Type: ACL; Schema: auth; Owner: supabase_auth_admin
--

GRANT INSERT,REFERENCES,DELETE,TRIGGER,TRUNCATE,UPDATE ON TABLE auth.flow_state TO postgres;
GRANT SELECT ON TABLE auth.flow_state TO postgres WITH GRANT OPTION;
GRANT ALL ON TABLE auth.flow_state TO dashboard_user;


--
-- Name: TABLE identities; Type: ACL; Schema: auth; Owner: supabase_auth_admin
--

GRANT INSERT,REFERENCES,DELETE,TRIGGER,TRUNCATE,UPDATE ON TABLE auth.identities TO postgres;
GRANT SELECT ON TABLE auth.identities TO postgres WITH GRANT OPTION;
GRANT ALL ON TABLE auth.identities TO dashboard_user;


--
-- Name: TABLE instances; Type: ACL; Schema: auth; Owner: supabase_auth_admin
--

GRANT ALL ON TABLE auth.instances TO dashboard_user;
GRANT INSERT,REFERENCES,DELETE,TRIGGER,TRUNCATE,UPDATE ON TABLE auth.instances TO postgres;
GRANT SELECT ON TABLE auth.instances TO postgres WITH GRANT OPTION;


--
-- Name: TABLE mfa_amr_claims; Type: ACL; Schema: auth; Owner: supabase_auth_admin
--

GRANT INSERT,REFERENCES,DELETE,TRIGGER,TRUNCATE,UPDATE ON TABLE auth.mfa_amr_claims TO postgres;
GRANT SELECT ON TABLE auth.mfa_amr_claims TO postgres WITH GRANT OPTION;
GRANT ALL ON TABLE auth.mfa_amr_claims TO dashboard_user;


--
-- Name: TABLE mfa_challenges; Type: ACL; Schema: auth; Owner: supabase_auth_admin
--

GRANT INSERT,REFERENCES,DELETE,TRIGGER,TRUNCATE,UPDATE ON TABLE auth.mfa_challenges TO postgres;
GRANT SELECT ON TABLE auth.mfa_challenges TO postgres WITH GRANT OPTION;
GRANT ALL ON TABLE auth.mfa_challenges TO dashboard_user;


--
-- Name: TABLE mfa_factors; Type: ACL; Schema: auth; Owner: supabase_auth_admin
--

GRANT INSERT,REFERENCES,DELETE,TRIGGER,TRUNCATE,UPDATE ON TABLE auth.mfa_factors TO postgres;
GRANT SELECT ON TABLE auth.mfa_factors TO postgres WITH GRANT OPTION;
GRANT ALL ON TABLE auth.mfa_factors TO dashboard_user;


--
-- Name: TABLE one_time_tokens; Type: ACL; Schema: auth; Owner: supabase_auth_admin
--

GRANT INSERT,REFERENCES,DELETE,TRIGGER,TRUNCATE,UPDATE ON TABLE auth.one_time_tokens TO postgres;
GRANT SELECT ON TABLE auth.one_time_tokens TO postgres WITH GRANT OPTION;
GRANT ALL ON TABLE auth.one_time_tokens TO dashboard_user;


--
-- Name: TABLE refresh_tokens; Type: ACL; Schema: auth; Owner: supabase_auth_admin
--

GRANT ALL ON TABLE auth.refresh_tokens TO dashboard_user;
GRANT INSERT,REFERENCES,DELETE,TRIGGER,TRUNCATE,UPDATE ON TABLE auth.refresh_tokens TO postgres;
GRANT SELECT ON TABLE auth.refresh_tokens TO postgres WITH GRANT OPTION;


--
-- Name: SEQUENCE refresh_tokens_id_seq; Type: ACL; Schema: auth; Owner: supabase_auth_admin
--

GRANT ALL ON SEQUENCE auth.refresh_tokens_id_seq TO dashboard_user;
GRANT ALL ON SEQUENCE auth.refresh_tokens_id_seq TO postgres;


--
-- Name: TABLE saml_providers; Type: ACL; Schema: auth; Owner: supabase_auth_admin
--

GRANT INSERT,REFERENCES,DELETE,TRIGGER,TRUNCATE,UPDATE ON TABLE auth.saml_providers TO postgres;
GRANT SELECT ON TABLE auth.saml_providers TO postgres WITH GRANT OPTION;
GRANT ALL ON TABLE auth.saml_providers TO dashboard_user;


--
-- Name: TABLE saml_relay_states; Type: ACL; Schema: auth; Owner: supabase_auth_admin
--

GRANT INSERT,REFERENCES,DELETE,TRIGGER,TRUNCATE,UPDATE ON TABLE auth.saml_relay_states TO postgres;
GRANT SELECT ON TABLE auth.saml_relay_states TO postgres WITH GRANT OPTION;
GRANT ALL ON TABLE auth.saml_relay_states TO dashboard_user;


--
-- Name: TABLE schema_migrations; Type: ACL; Schema: auth; Owner: supabase_auth_admin
--

GRANT ALL ON TABLE auth.schema_migrations TO dashboard_user;
GRANT INSERT,REFERENCES,DELETE,TRIGGER,TRUNCATE,UPDATE ON TABLE auth.schema_migrations TO postgres;
GRANT SELECT ON TABLE auth.schema_migrations TO postgres WITH GRANT OPTION;


--
-- Name: TABLE sessions; Type: ACL; Schema: auth; Owner: supabase_auth_admin
--

GRANT INSERT,REFERENCES,DELETE,TRIGGER,TRUNCATE,UPDATE ON TABLE auth.sessions TO postgres;
GRANT SELECT ON TABLE auth.sessions TO postgres WITH GRANT OPTION;
GRANT ALL ON TABLE auth.sessions TO dashboard_user;


--
-- Name: TABLE sso_domains; Type: ACL; Schema: auth; Owner: supabase_auth_admin
--

GRANT INSERT,REFERENCES,DELETE,TRIGGER,TRUNCATE,UPDATE ON TABLE auth.sso_domains TO postgres;
GRANT SELECT ON TABLE auth.sso_domains TO postgres WITH GRANT OPTION;
GRANT ALL ON TABLE auth.sso_domains TO dashboard_user;


--
-- Name: TABLE sso_providers; Type: ACL; Schema: auth; Owner: supabase_auth_admin
--

GRANT INSERT,REFERENCES,DELETE,TRIGGER,TRUNCATE,UPDATE ON TABLE auth.sso_providers TO postgres;
GRANT SELECT ON TABLE auth.sso_providers TO postgres WITH GRANT OPTION;
GRANT ALL ON TABLE auth.sso_providers TO dashboard_user;


--
-- Name: TABLE users; Type: ACL; Schema: auth; Owner: supabase_auth_admin
--

GRANT ALL ON TABLE auth.users TO dashboard_user;
GRANT INSERT,REFERENCES,DELETE,TRIGGER,TRUNCATE,UPDATE ON TABLE auth.users TO postgres;
GRANT SELECT ON TABLE auth.users TO postgres WITH GRANT OPTION;


--
-- Name: TABLE pg_stat_statements; Type: ACL; Schema: extensions; Owner: supabase_admin
--

GRANT ALL ON TABLE extensions.pg_stat_statements TO postgres WITH GRANT OPTION;
GRANT ALL ON TABLE extensions.pg_stat_statements TO dashboard_user;


--
-- Name: TABLE pg_stat_statements_info; Type: ACL; Schema: extensions; Owner: supabase_admin
--

GRANT ALL ON TABLE extensions.pg_stat_statements_info TO postgres WITH GRANT OPTION;
GRANT ALL ON TABLE extensions.pg_stat_statements_info TO dashboard_user;


--
-- Name: TABLE decrypted_key; Type: ACL; Schema: pgsodium; Owner: supabase_admin
--

GRANT ALL ON TABLE pgsodium.decrypted_key TO pgsodium_keyholder;


--
-- Name: TABLE masking_rule; Type: ACL; Schema: pgsodium; Owner: supabase_admin
--

GRANT ALL ON TABLE pgsodium.masking_rule TO pgsodium_keyholder;


--
-- Name: TABLE mask_columns; Type: ACL; Schema: pgsodium; Owner: supabase_admin
--

GRANT ALL ON TABLE pgsodium.mask_columns TO pgsodium_keyholder;


--
-- Name: TABLE bookings; Type: ACL; Schema: public; Owner: postgres
--

GRANT ALL ON TABLE public.bookings TO anon;
GRANT ALL ON TABLE public.bookings TO authenticated;
GRANT ALL ON TABLE public.bookings TO service_role;


--
-- Name: SEQUENCE bookings_id_seq; Type: ACL; Schema: public; Owner: postgres
--

GRANT ALL ON SEQUENCE public.bookings_id_seq TO anon;
GRANT ALL ON SEQUENCE public.bookings_id_seq TO authenticated;
GRANT ALL ON SEQUENCE public.bookings_id_seq TO service_role;


--
-- Name: TABLE cabins; Type: ACL; Schema: public; Owner: postgres
--

GRANT ALL ON TABLE public.cabins TO anon;
GRANT ALL ON TABLE public.cabins TO authenticated;
GRANT ALL ON TABLE public.cabins TO service_role;


--
-- Name: SEQUENCE cabins_id_seq; Type: ACL; Schema: public; Owner: postgres
--

GRANT ALL ON SEQUENCE public.cabins_id_seq TO anon;
GRANT ALL ON SEQUENCE public.cabins_id_seq TO authenticated;
GRANT ALL ON SEQUENCE public.cabins_id_seq TO service_role;


--
-- Name: TABLE guests; Type: ACL; Schema: public; Owner: postgres
--

GRANT ALL ON TABLE public.guests TO anon;
GRANT ALL ON TABLE public.guests TO authenticated;
GRANT ALL ON TABLE public.guests TO service_role;


--
-- Name: SEQUENCE guests_id_seq; Type: ACL; Schema: public; Owner: postgres
--

GRANT ALL ON SEQUENCE public.guests_id_seq TO anon;
GRANT ALL ON SEQUENCE public.guests_id_seq TO authenticated;
GRANT ALL ON SEQUENCE public.guests_id_seq TO service_role;


--
-- Name: TABLE settings; Type: ACL; Schema: public; Owner: postgres
--

GRANT ALL ON TABLE public.settings TO anon;
GRANT ALL ON TABLE public.settings TO authenticated;
GRANT ALL ON TABLE public.settings TO service_role;


--
-- Name: SEQUENCE settings_id_seq; Type: ACL; Schema: public; Owner: postgres
--

GRANT ALL ON SEQUENCE public.settings_id_seq TO anon;
GRANT ALL ON SEQUENCE public.settings_id_seq TO authenticated;
GRANT ALL ON SEQUENCE public.settings_id_seq TO service_role;


--
-- Name: TABLE messages; Type: ACL; Schema: realtime; Owner: supabase_realtime_admin
--

GRANT ALL ON TABLE realtime.messages TO postgres;
GRANT ALL ON TABLE realtime.messages TO dashboard_user;
GRANT SELECT,INSERT,UPDATE ON TABLE realtime.messages TO anon;
GRANT SELECT,INSERT,UPDATE ON TABLE realtime.messages TO authenticated;
GRANT SELECT,INSERT,UPDATE ON TABLE realtime.messages TO service_role;


--
-- Name: SEQUENCE messages_id_seq; Type: ACL; Schema: realtime; Owner: supabase_realtime_admin
--

GRANT ALL ON SEQUENCE realtime.messages_id_seq TO postgres;
GRANT ALL ON SEQUENCE realtime.messages_id_seq TO dashboard_user;
GRANT USAGE ON SEQUENCE realtime.messages_id_seq TO anon;
GRANT USAGE ON SEQUENCE realtime.messages_id_seq TO authenticated;
GRANT USAGE ON SEQUENCE realtime.messages_id_seq TO service_role;


--
-- Name: TABLE schema_migrations; Type: ACL; Schema: realtime; Owner: supabase_admin
--

GRANT ALL ON TABLE realtime.schema_migrations TO postgres;
GRANT ALL ON TABLE realtime.schema_migrations TO dashboard_user;
GRANT SELECT ON TABLE realtime.schema_migrations TO anon;
GRANT SELECT ON TABLE realtime.schema_migrations TO authenticated;
GRANT SELECT ON TABLE realtime.schema_migrations TO service_role;
GRANT ALL ON TABLE realtime.schema_migrations TO supabase_realtime_admin;


--
-- Name: TABLE subscription; Type: ACL; Schema: realtime; Owner: supabase_admin
--

GRANT ALL ON TABLE realtime.subscription TO postgres;
GRANT ALL ON TABLE realtime.subscription TO dashboard_user;
GRANT SELECT ON TABLE realtime.subscription TO anon;
GRANT SELECT ON TABLE realtime.subscription TO authenticated;
GRANT SELECT ON TABLE realtime.subscription TO service_role;
GRANT ALL ON TABLE realtime.subscription TO supabase_realtime_admin;


--
-- Name: SEQUENCE subscription_id_seq; Type: ACL; Schema: realtime; Owner: supabase_admin
--

GRANT ALL ON SEQUENCE realtime.subscription_id_seq TO postgres;
GRANT ALL ON SEQUENCE realtime.subscription_id_seq TO dashboard_user;
GRANT USAGE ON SEQUENCE realtime.subscription_id_seq TO anon;
GRANT USAGE ON SEQUENCE realtime.subscription_id_seq TO authenticated;
GRANT USAGE ON SEQUENCE realtime.subscription_id_seq TO service_role;
GRANT ALL ON SEQUENCE realtime.subscription_id_seq TO supabase_realtime_admin;


--
-- Name: TABLE buckets; Type: ACL; Schema: storage; Owner: supabase_storage_admin
--

GRANT ALL ON TABLE storage.buckets TO anon;
GRANT ALL ON TABLE storage.buckets TO authenticated;
GRANT ALL ON TABLE storage.buckets TO service_role;
GRANT ALL ON TABLE storage.buckets TO postgres;


--
-- Name: TABLE migrations; Type: ACL; Schema: storage; Owner: supabase_storage_admin
--

GRANT ALL ON TABLE storage.migrations TO anon;
GRANT ALL ON TABLE storage.migrations TO authenticated;
GRANT ALL ON TABLE storage.migrations TO service_role;
GRANT ALL ON TABLE storage.migrations TO postgres;


--
-- Name: TABLE objects; Type: ACL; Schema: storage; Owner: supabase_storage_admin
--

GRANT ALL ON TABLE storage.objects TO anon;
GRANT ALL ON TABLE storage.objects TO authenticated;
GRANT ALL ON TABLE storage.objects TO service_role;
GRANT ALL ON TABLE storage.objects TO postgres;


--
-- Name: TABLE s3_multipart_uploads; Type: ACL; Schema: storage; Owner: supabase_storage_admin
--

GRANT ALL ON TABLE storage.s3_multipart_uploads TO service_role;
GRANT SELECT ON TABLE storage.s3_multipart_uploads TO authenticated;
GRANT SELECT ON TABLE storage.s3_multipart_uploads TO anon;
GRANT ALL ON TABLE storage.s3_multipart_uploads TO postgres;


--
-- Name: TABLE s3_multipart_uploads_parts; Type: ACL; Schema: storage; Owner: supabase_storage_admin
--

GRANT ALL ON TABLE storage.s3_multipart_uploads_parts TO service_role;
GRANT SELECT ON TABLE storage.s3_multipart_uploads_parts TO authenticated;
GRANT SELECT ON TABLE storage.s3_multipart_uploads_parts TO anon;
GRANT ALL ON TABLE storage.s3_multipart_uploads_parts TO postgres;


--
-- Name: DEFAULT PRIVILEGES FOR SEQUENCES; Type: DEFAULT ACL; Schema: auth; Owner: supabase_auth_admin
--

ALTER DEFAULT PRIVILEGES FOR ROLE supabase_auth_admin IN SCHEMA auth GRANT ALL ON SEQUENCES  TO postgres;
ALTER DEFAULT PRIVILEGES FOR ROLE supabase_auth_admin IN SCHEMA auth GRANT ALL ON SEQUENCES  TO dashboard_user;


--
-- Name: DEFAULT PRIVILEGES FOR FUNCTIONS; Type: DEFAULT ACL; Schema: auth; Owner: supabase_auth_admin
--

ALTER DEFAULT PRIVILEGES FOR ROLE supabase_auth_admin IN SCHEMA auth GRANT ALL ON FUNCTIONS  TO postgres;
ALTER DEFAULT PRIVILEGES FOR ROLE supabase_auth_admin IN SCHEMA auth GRANT ALL ON FUNCTIONS  TO dashboard_user;


--
-- Name: DEFAULT PRIVILEGES FOR TABLES; Type: DEFAULT ACL; Schema: auth; Owner: supabase_auth_admin
--

ALTER DEFAULT PRIVILEGES FOR ROLE supabase_auth_admin IN SCHEMA auth GRANT ALL ON TABLES  TO postgres;
ALTER DEFAULT PRIVILEGES FOR ROLE supabase_auth_admin IN SCHEMA auth GRANT ALL ON TABLES  TO dashboard_user;


--
-- Name: DEFAULT PRIVILEGES FOR SEQUENCES; Type: DEFAULT ACL; Schema: extensions; Owner: supabase_admin
--

ALTER DEFAULT PRIVILEGES FOR ROLE supabase_admin IN SCHEMA extensions GRANT ALL ON SEQUENCES  TO postgres WITH GRANT OPTION;


--
-- Name: DEFAULT PRIVILEGES FOR FUNCTIONS; Type: DEFAULT ACL; Schema: extensions; Owner: supabase_admin
--

ALTER DEFAULT PRIVILEGES FOR ROLE supabase_admin IN SCHEMA extensions GRANT ALL ON FUNCTIONS  TO postgres WITH GRANT OPTION;


--
-- Name: DEFAULT PRIVILEGES FOR TABLES; Type: DEFAULT ACL; Schema: extensions; Owner: supabase_admin
--

ALTER DEFAULT PRIVILEGES FOR ROLE supabase_admin IN SCHEMA extensions GRANT ALL ON TABLES  TO postgres WITH GRANT OPTION;


--
-- Name: DEFAULT PRIVILEGES FOR SEQUENCES; Type: DEFAULT ACL; Schema: graphql; Owner: supabase_admin
--

ALTER DEFAULT PRIVILEGES FOR ROLE supabase_admin IN SCHEMA graphql GRANT ALL ON SEQUENCES  TO postgres;
ALTER DEFAULT PRIVILEGES FOR ROLE supabase_admin IN SCHEMA graphql GRANT ALL ON SEQUENCES  TO anon;
ALTER DEFAULT PRIVILEGES FOR ROLE supabase_admin IN SCHEMA graphql GRANT ALL ON SEQUENCES  TO authenticated;
ALTER DEFAULT PRIVILEGES FOR ROLE supabase_admin IN SCHEMA graphql GRANT ALL ON SEQUENCES  TO service_role;


--
-- Name: DEFAULT PRIVILEGES FOR FUNCTIONS; Type: DEFAULT ACL; Schema: graphql; Owner: supabase_admin
--

ALTER DEFAULT PRIVILEGES FOR ROLE supabase_admin IN SCHEMA graphql GRANT ALL ON FUNCTIONS  TO postgres;
ALTER DEFAULT PRIVILEGES FOR ROLE supabase_admin IN SCHEMA graphql GRANT ALL ON FUNCTIONS  TO anon;
ALTER DEFAULT PRIVILEGES FOR ROLE supabase_admin IN SCHEMA graphql GRANT ALL ON FUNCTIONS  TO authenticated;
ALTER DEFAULT PRIVILEGES FOR ROLE supabase_admin IN SCHEMA graphql GRANT ALL ON FUNCTIONS  TO service_role;


--
-- Name: DEFAULT PRIVILEGES FOR TABLES; Type: DEFAULT ACL; Schema: graphql; Owner: supabase_admin
--

ALTER DEFAULT PRIVILEGES FOR ROLE supabase_admin IN SCHEMA graphql GRANT ALL ON TABLES  TO postgres;
ALTER DEFAULT PRIVILEGES FOR ROLE supabase_admin IN SCHEMA graphql GRANT ALL ON TABLES  TO anon;
ALTER DEFAULT PRIVILEGES FOR ROLE supabase_admin IN SCHEMA graphql GRANT ALL ON TABLES  TO authenticated;
ALTER DEFAULT PRIVILEGES FOR ROLE supabase_admin IN SCHEMA graphql GRANT ALL ON TABLES  TO service_role;


--
-- Name: DEFAULT PRIVILEGES FOR SEQUENCES; Type: DEFAULT ACL; Schema: graphql_public; Owner: supabase_admin
--

ALTER DEFAULT PRIVILEGES FOR ROLE supabase_admin IN SCHEMA graphql_public GRANT ALL ON SEQUENCES  TO postgres;
ALTER DEFAULT PRIVILEGES FOR ROLE supabase_admin IN SCHEMA graphql_public GRANT ALL ON SEQUENCES  TO anon;
ALTER DEFAULT PRIVILEGES FOR ROLE supabase_admin IN SCHEMA graphql_public GRANT ALL ON SEQUENCES  TO authenticated;
ALTER DEFAULT PRIVILEGES FOR ROLE supabase_admin IN SCHEMA graphql_public GRANT ALL ON SEQUENCES  TO service_role;


--
-- Name: DEFAULT PRIVILEGES FOR FUNCTIONS; Type: DEFAULT ACL; Schema: graphql_public; Owner: supabase_admin
--

ALTER DEFAULT PRIVILEGES FOR ROLE supabase_admin IN SCHEMA graphql_public GRANT ALL ON FUNCTIONS  TO postgres;
ALTER DEFAULT PRIVILEGES FOR ROLE supabase_admin IN SCHEMA graphql_public GRANT ALL ON FUNCTIONS  TO anon;
ALTER DEFAULT PRIVILEGES FOR ROLE supabase_admin IN SCHEMA graphql_public GRANT ALL ON FUNCTIONS  TO authenticated;
ALTER DEFAULT PRIVILEGES FOR ROLE supabase_admin IN SCHEMA graphql_public GRANT ALL ON FUNCTIONS  TO service_role;


--
-- Name: DEFAULT PRIVILEGES FOR TABLES; Type: DEFAULT ACL; Schema: graphql_public; Owner: supabase_admin
--

ALTER DEFAULT PRIVILEGES FOR ROLE supabase_admin IN SCHEMA graphql_public GRANT ALL ON TABLES  TO postgres;
ALTER DEFAULT PRIVILEGES FOR ROLE supabase_admin IN SCHEMA graphql_public GRANT ALL ON TABLES  TO anon;
ALTER DEFAULT PRIVILEGES FOR ROLE supabase_admin IN SCHEMA graphql_public GRANT ALL ON TABLES  TO authenticated;
ALTER DEFAULT PRIVILEGES FOR ROLE supabase_admin IN SCHEMA graphql_public GRANT ALL ON TABLES  TO service_role;


--
-- Name: DEFAULT PRIVILEGES FOR SEQUENCES; Type: DEFAULT ACL; Schema: pgsodium; Owner: supabase_admin
--

ALTER DEFAULT PRIVILEGES FOR ROLE supabase_admin IN SCHEMA pgsodium GRANT ALL ON SEQUENCES  TO pgsodium_keyholder;


--
-- Name: DEFAULT PRIVILEGES FOR TABLES; Type: DEFAULT ACL; Schema: pgsodium; Owner: supabase_admin
--

ALTER DEFAULT PRIVILEGES FOR ROLE supabase_admin IN SCHEMA pgsodium GRANT ALL ON TABLES  TO pgsodium_keyholder;


--
-- Name: DEFAULT PRIVILEGES FOR SEQUENCES; Type: DEFAULT ACL; Schema: pgsodium_masks; Owner: supabase_admin
--

ALTER DEFAULT PRIVILEGES FOR ROLE supabase_admin IN SCHEMA pgsodium_masks GRANT ALL ON SEQUENCES  TO pgsodium_keyiduser;


--
-- Name: DEFAULT PRIVILEGES FOR FUNCTIONS; Type: DEFAULT ACL; Schema: pgsodium_masks; Owner: supabase_admin
--

ALTER DEFAULT PRIVILEGES FOR ROLE supabase_admin IN SCHEMA pgsodium_masks GRANT ALL ON FUNCTIONS  TO pgsodium_keyiduser;


--
-- Name: DEFAULT PRIVILEGES FOR TABLES; Type: DEFAULT ACL; Schema: pgsodium_masks; Owner: supabase_admin
--

ALTER DEFAULT PRIVILEGES FOR ROLE supabase_admin IN SCHEMA pgsodium_masks GRANT ALL ON TABLES  TO pgsodium_keyiduser;


--
-- Name: DEFAULT PRIVILEGES FOR SEQUENCES; Type: DEFAULT ACL; Schema: public; Owner: postgres
--

ALTER DEFAULT PRIVILEGES FOR ROLE postgres IN SCHEMA public GRANT ALL ON SEQUENCES  TO postgres;
ALTER DEFAULT PRIVILEGES FOR ROLE postgres IN SCHEMA public GRANT ALL ON SEQUENCES  TO anon;
ALTER DEFAULT PRIVILEGES FOR ROLE postgres IN SCHEMA public GRANT ALL ON SEQUENCES  TO authenticated;
ALTER DEFAULT PRIVILEGES FOR ROLE postgres IN SCHEMA public GRANT ALL ON SEQUENCES  TO service_role;


--
-- Name: DEFAULT PRIVILEGES FOR SEQUENCES; Type: DEFAULT ACL; Schema: public; Owner: supabase_admin
--

ALTER DEFAULT PRIVILEGES FOR ROLE supabase_admin IN SCHEMA public GRANT ALL ON SEQUENCES  TO postgres;
ALTER DEFAULT PRIVILEGES FOR ROLE supabase_admin IN SCHEMA public GRANT ALL ON SEQUENCES  TO anon;
ALTER DEFAULT PRIVILEGES FOR ROLE supabase_admin IN SCHEMA public GRANT ALL ON SEQUENCES  TO authenticated;
ALTER DEFAULT PRIVILEGES FOR ROLE supabase_admin IN SCHEMA public GRANT ALL ON SEQUENCES  TO service_role;


--
-- Name: DEFAULT PRIVILEGES FOR FUNCTIONS; Type: DEFAULT ACL; Schema: public; Owner: postgres
--

ALTER DEFAULT PRIVILEGES FOR ROLE postgres IN SCHEMA public GRANT ALL ON FUNCTIONS  TO postgres;
ALTER DEFAULT PRIVILEGES FOR ROLE postgres IN SCHEMA public GRANT ALL ON FUNCTIONS  TO anon;
ALTER DEFAULT PRIVILEGES FOR ROLE postgres IN SCHEMA public GRANT ALL ON FUNCTIONS  TO authenticated;
ALTER DEFAULT PRIVILEGES FOR ROLE postgres IN SCHEMA public GRANT ALL ON FUNCTIONS  TO service_role;


--
-- Name: DEFAULT PRIVILEGES FOR FUNCTIONS; Type: DEFAULT ACL; Schema: public; Owner: supabase_admin
--

ALTER DEFAULT PRIVILEGES FOR ROLE supabase_admin IN SCHEMA public GRANT ALL ON FUNCTIONS  TO postgres;
ALTER DEFAULT PRIVILEGES FOR ROLE supabase_admin IN SCHEMA public GRANT ALL ON FUNCTIONS  TO anon;
ALTER DEFAULT PRIVILEGES FOR ROLE supabase_admin IN SCHEMA public GRANT ALL ON FUNCTIONS  TO authenticated;
ALTER DEFAULT PRIVILEGES FOR ROLE supabase_admin IN SCHEMA public GRANT ALL ON FUNCTIONS  TO service_role;


--
-- Name: DEFAULT PRIVILEGES FOR TABLES; Type: DEFAULT ACL; Schema: public; Owner: postgres
--

ALTER DEFAULT PRIVILEGES FOR ROLE postgres IN SCHEMA public GRANT ALL ON TABLES  TO postgres;
ALTER DEFAULT PRIVILEGES FOR ROLE postgres IN SCHEMA public GRANT ALL ON TABLES  TO anon;
ALTER DEFAULT PRIVILEGES FOR ROLE postgres IN SCHEMA public GRANT ALL ON TABLES  TO authenticated;
ALTER DEFAULT PRIVILEGES FOR ROLE postgres IN SCHEMA public GRANT ALL ON TABLES  TO service_role;


--
-- Name: DEFAULT PRIVILEGES FOR TABLES; Type: DEFAULT ACL; Schema: public; Owner: supabase_admin
--

ALTER DEFAULT PRIVILEGES FOR ROLE supabase_admin IN SCHEMA public GRANT ALL ON TABLES  TO postgres;
ALTER DEFAULT PRIVILEGES FOR ROLE supabase_admin IN SCHEMA public GRANT ALL ON TABLES  TO anon;
ALTER DEFAULT PRIVILEGES FOR ROLE supabase_admin IN SCHEMA public GRANT ALL ON TABLES  TO authenticated;
ALTER DEFAULT PRIVILEGES FOR ROLE supabase_admin IN SCHEMA public GRANT ALL ON TABLES  TO service_role;


--
-- Name: DEFAULT PRIVILEGES FOR SEQUENCES; Type: DEFAULT ACL; Schema: realtime; Owner: supabase_admin
--

ALTER DEFAULT PRIVILEGES FOR ROLE supabase_admin IN SCHEMA realtime GRANT ALL ON SEQUENCES  TO postgres;
ALTER DEFAULT PRIVILEGES FOR ROLE supabase_admin IN SCHEMA realtime GRANT ALL ON SEQUENCES  TO dashboard_user;


--
-- Name: DEFAULT PRIVILEGES FOR FUNCTIONS; Type: DEFAULT ACL; Schema: realtime; Owner: supabase_admin
--

ALTER DEFAULT PRIVILEGES FOR ROLE supabase_admin IN SCHEMA realtime GRANT ALL ON FUNCTIONS  TO postgres;
ALTER DEFAULT PRIVILEGES FOR ROLE supabase_admin IN SCHEMA realtime GRANT ALL ON FUNCTIONS  TO dashboard_user;


--
-- Name: DEFAULT PRIVILEGES FOR TABLES; Type: DEFAULT ACL; Schema: realtime; Owner: supabase_admin
--

ALTER DEFAULT PRIVILEGES FOR ROLE supabase_admin IN SCHEMA realtime GRANT ALL ON TABLES  TO postgres;
ALTER DEFAULT PRIVILEGES FOR ROLE supabase_admin IN SCHEMA realtime GRANT ALL ON TABLES  TO dashboard_user;


--
-- Name: DEFAULT PRIVILEGES FOR SEQUENCES; Type: DEFAULT ACL; Schema: storage; Owner: postgres
--

ALTER DEFAULT PRIVILEGES FOR ROLE postgres IN SCHEMA storage GRANT ALL ON SEQUENCES  TO postgres;
ALTER DEFAULT PRIVILEGES FOR ROLE postgres IN SCHEMA storage GRANT ALL ON SEQUENCES  TO anon;
ALTER DEFAULT PRIVILEGES FOR ROLE postgres IN SCHEMA storage GRANT ALL ON SEQUENCES  TO authenticated;
ALTER DEFAULT PRIVILEGES FOR ROLE postgres IN SCHEMA storage GRANT ALL ON SEQUENCES  TO service_role;


--
-- Name: DEFAULT PRIVILEGES FOR FUNCTIONS; Type: DEFAULT ACL; Schema: storage; Owner: postgres
--

ALTER DEFAULT PRIVILEGES FOR ROLE postgres IN SCHEMA storage GRANT ALL ON FUNCTIONS  TO postgres;
ALTER DEFAULT PRIVILEGES FOR ROLE postgres IN SCHEMA storage GRANT ALL ON FUNCTIONS  TO anon;
ALTER DEFAULT PRIVILEGES FOR ROLE postgres IN SCHEMA storage GRANT ALL ON FUNCTIONS  TO authenticated;
ALTER DEFAULT PRIVILEGES FOR ROLE postgres IN SCHEMA storage GRANT ALL ON FUNCTIONS  TO service_role;


--
-- Name: DEFAULT PRIVILEGES FOR TABLES; Type: DEFAULT ACL; Schema: storage; Owner: postgres
--

ALTER DEFAULT PRIVILEGES FOR ROLE postgres IN SCHEMA storage GRANT ALL ON TABLES  TO postgres;
ALTER DEFAULT PRIVILEGES FOR ROLE postgres IN SCHEMA storage GRANT ALL ON TABLES  TO anon;
ALTER DEFAULT PRIVILEGES FOR ROLE postgres IN SCHEMA storage GRANT ALL ON TABLES  TO authenticated;
ALTER DEFAULT PRIVILEGES FOR ROLE postgres IN SCHEMA storage GRANT ALL ON TABLES  TO service_role;


--
-- Name: issue_graphql_placeholder; Type: EVENT TRIGGER; Schema: -; Owner: supabase_admin
--

CREATE EVENT TRIGGER issue_graphql_placeholder ON sql_drop
         WHEN TAG IN ('DROP EXTENSION')
   EXECUTE FUNCTION extensions.set_graphql_placeholder();


ALTER EVENT TRIGGER issue_graphql_placeholder OWNER TO supabase_admin;

--
-- Name: issue_pg_cron_access; Type: EVENT TRIGGER; Schema: -; Owner: supabase_admin
--

CREATE EVENT TRIGGER issue_pg_cron_access ON ddl_command_end
         WHEN TAG IN ('CREATE EXTENSION')
   EXECUTE FUNCTION extensions.grant_pg_cron_access();


ALTER EVENT TRIGGER issue_pg_cron_access OWNER TO supabase_admin;

--
-- Name: issue_pg_graphql_access; Type: EVENT TRIGGER; Schema: -; Owner: supabase_admin
--

CREATE EVENT TRIGGER issue_pg_graphql_access ON ddl_command_end
         WHEN TAG IN ('CREATE FUNCTION')
   EXECUTE FUNCTION extensions.grant_pg_graphql_access();


ALTER EVENT TRIGGER issue_pg_graphql_access OWNER TO supabase_admin;

--
-- Name: issue_pg_net_access; Type: EVENT TRIGGER; Schema: -; Owner: postgres
--

CREATE EVENT TRIGGER issue_pg_net_access ON ddl_command_end
         WHEN TAG IN ('CREATE EXTENSION')
   EXECUTE FUNCTION extensions.grant_pg_net_access();


ALTER EVENT TRIGGER issue_pg_net_access OWNER TO postgres;

--
-- Name: pgrst_ddl_watch; Type: EVENT TRIGGER; Schema: -; Owner: supabase_admin
--

CREATE EVENT TRIGGER pgrst_ddl_watch ON ddl_command_end
   EXECUTE FUNCTION extensions.pgrst_ddl_watch();


ALTER EVENT TRIGGER pgrst_ddl_watch OWNER TO supabase_admin;

--
-- Name: pgrst_drop_watch; Type: EVENT TRIGGER; Schema: -; Owner: supabase_admin
--

CREATE EVENT TRIGGER pgrst_drop_watch ON sql_drop
   EXECUTE FUNCTION extensions.pgrst_drop_watch();


ALTER EVENT TRIGGER pgrst_drop_watch OWNER TO supabase_admin;

--
-- PostgreSQL database dump complete
--

--
-- PostgreSQL database cluster dump complete
--

